handle,product_name,faq_position,question,answer
rosy-mood-tea,Rosy Mood™ Tea,1,Does this contain common allergens?,Do not use this product if you are allergic to any of the listed ingredients.
rosy-mood-tea,Rosy Mood™ Tea,2,"Is this vegan, vegetarian, kosher, etc.?","Vegan, Vegetarian, and Kosher"
rosy-mood-tea,Rosy Mood™ Tea,3,"The tea changes color depending on where I brew it, is that OK?","Our herbalists added butterfly pea flower to Rosy Mood™ to bring an unexpected, playful sense of wonder to the experience of drinking this tea. Depending on the source, the water used to brew tea can have different levels of alkalinity, interacting with the pH-sensitive herbal ingredients in this blend to create a range of possible colors. As it brews, you might notice teal blue, bright pink, or a dark amethyst-purple. For even more fun, squeeze lemon juice from a fresh lemon into the tea and watch the color change: an herbal magic trick!"
rosy-mood-tea,Rosy Mood™ Tea,4,How to Enjoy,Pour 8 oz. freshly boiled water over 1 tea bag. Cover & Steep for 10-15 min. Squeeze & remove tea bag to ensure maximum goodness. Enjoy 2-3 cups per day.
rosy-mood-tea,Rosy Mood™ Tea,5,How Fast Will I Get My Order?,How FAST will I receive my order? The ZIP Code you entered was not found. Please try again. FAST & FREE Delivery Over $45 Order by: Receive it For ZIP Code with FREE Shipping on Orders Over $45 Shipping to another address? ZIP Code (must be 5 numbers) Some restrictions apply. See our complete shipping policy . Find In A Store Near You
stress-ease-calm-tea,Stress Ease® Calm Tea,1,Does this contain common allergens?,Do not use if you are allergic to any of the listed ingredients.
stress-ease-calm-tea,Stress Ease® Calm Tea,2,How to Enjoy,Pour 8 oz. freshly boiled water over 1 tea bag. Squeeze & remove tea bag to ensure maximum goodness. Cover & Steep for 10-15 min. Enjoy 2-3 cups per day.
stress-ease-calm-tea,Stress Ease® Calm Tea,3,How Fast Will I Get My Order?,How FAST will I receive my order? The ZIP Code you entered was not found. Please try again. FAST & FREE Delivery Over $45 Order by: Receive it For ZIP Code with FREE Shipping on Orders Over $45 Shipping to another address? ZIP Code (must be 5 numbers) Some restrictions apply. See our complete shipping policy . Find In A Store Near You
lemon-balm-tea,Lemon Balm Tea,1,What is Lemon Balm Tea good for?,"Our Organic Lemon Balm tea calms the nervous system, soothes frazzled nerves and supports healthy digestion.*"
lemon-balm-tea,Lemon Balm Tea,2,What does Lemon Balm Tea taste like?,"As part of the mint plant family, lemon balm leaves have a lemony scent and taste pleasantly mild, with subtle citrus notes."
lemon-balm-tea,Lemon Balm Tea,3,Can I drink Lemon Balm Tea every day?,"Lemon Balm is considered a nervine herb, which helps support relaxation and relieve occasional nervous tension. Additionally, it supports healthy digestion, making it an excellent tea to incorporate into your daily self-care routine.* That said, we always recommend consulting your healthcare practitioner who can offer herbal guidance based on your unique health history."
lemon-balm-tea,Lemon Balm Tea,4,How to Enjoy,Pour 8 oz. freshly boiled water over 1 tea bag. Cover & Steep for 5-10 min. Squeeze tea bag to ensure maximum goodness. Enjoy 3 cups per day.
lemon-balm-tea,Lemon Balm Tea,5,How Fast Will I Get My Order?,How FAST will I receive my order? The ZIP Code you entered was not found. Please try again. FAST & FREE Delivery Over $45 Order by: Receive it For ZIP Code with FREE Shipping on Orders Over $45 Shipping to another address? ZIP Code (must be 5 numbers) Some restrictions apply. See our complete shipping policy . Find In A Store Near You
nighty-night-extra-tea,Nighty Night Extra® Tea,1,What does valerian root do?,Valerian root is a herbal sedative that eases occasional sleepless nights and nervous system tension.*
nighty-night-extra-tea,Nighty Night Extra® Tea,2,What does passionflower do?,"Passionflower soothes the nervous system, eases anxious minds, and promotes a good night’s sleep.*"
nighty-night-extra-tea,Nighty Night Extra® Tea,3,Can I consume Organic Nighty Night® Extra for longer than two weeks?,"Since our tea is formulated for occasional sleeplessness only, we do not recommend consuming it longer than two weeks without taking a break. If you’re experiencing long-term sleeplessness and symptoms persist, we'd advise consulting with a healthcare practitioner that can offer personalized guidance. Safety is our when formulating our teas, and we list safety information on the side panel of our cartons and product pages of our website."
nighty-night-extra-tea,Nighty Night Extra® Tea,4,Why is Organic Nighty Night® Extra not recommended for children under the age of 12?,"Our Organic Nighty Night® Extra is formulated for adult bodies and constitutions, which is why we’re unable to recommend it for use with children. We suggest consulting with the child’s pediatrician for guidance on incorporating herbal teas into their routine."
nighty-night-extra-tea,Nighty Night Extra® Tea,5,What is the difference between Organic Nighty Night® and Organic Nighty Night® Extra?,"Our two Organic Nighty Night teas have different active herbs, and you may find one works better for your sleep needs. Our Organic Nighty Night original tea uses passionflower, chamomile, hops, and catnip to help you get a good night’s rest. In addition to these herbs, Organic Nighty Night also includes linden to promote relaxation, along with spearmint, lemon verbena, lemon peel, and lemongrass for flavor.* Organic Nighty Night Extra tea utilizes valerian root along with passionflower and lemon balm to help promote a good night’s sleep. This formula is complemented by peppermint, caraway, and licorice for flavor. Valerian root has been widely used as a gentle sedative and is considered one of nature’s best relaxing herbs.* Additionally, our Organic Nighty Night Extra is formulated without the use of chamomile, making it suitable for individuals with an allergy to plants in the Asteraceae (daisy) family."
nighty-night-extra-tea,Nighty Night Extra® Tea,6,How to Enjoy,"Pour 8 oz. freshly boiled water over 1 tea bag. Cover & Steep for 10-15 min. Squeeze tea bag to ensure maximum goodness. Enjoy 2-3 cups late in the day, at least 1 cup 30 minutes before bed. For Adults Only."
nighty-night-extra-tea,Nighty Night Extra® Tea,7,How Fast Will I Get My Order?,How FAST will I receive my order? The ZIP Code you entered was not found. Please try again. FAST & FREE Delivery Over $45 Order by: Receive it For ZIP Code with FREE Shipping on Orders Over $45 Shipping to another address? ZIP Code (must be 5 numbers) Some restrictions apply. See our complete shipping policy . Find In A Store Near You
dandelion-leaf-root-tea,Dandelion Leaf & Root Tea,1,What is Dandelion Tea good for?,"Our Organic Dandelion Leaf & Root tea supports kidney function and healthy digestion.* As an herbal diuretic, dandelion leaves help with relieving water retention and flushing the body of excess waste.*"
dandelion-leaf-root-tea,Dandelion Leaf & Root Tea,2,How often should you drink Dandelion Tea?,"In traditional herbal medicine, it is recommended to occasionally take a one week break when consuming dandelion in order to allow the kidneys to return to their normal baseline function. That said, we encourage individuals to consult with their healthcare practitioner for further recommendations specific to their unique health history."
dandelion-leaf-root-tea,Dandelion Leaf & Root Tea,3,What does Organic Dandelion Leaf & Root tea taste like?,"Our Organic Dandelion Leaf & Root tea tastes enjoyably mild, offering a delicate, earthy, and slightly sweet flavor."
dandelion-leaf-root-tea,Dandelion Leaf & Root Tea,4,What is the difference between Roasted Dandelion Root tea and Dandelion Leaf & Root tea?,"Our Organic Roasted Dandelion Root tea contains just the roots of the dandelion plant to specifically stimulate the liver and support healthy digestion.* In addition, we roast the roots to provide a pleasantly robust, roasted flavor with slightly bitter notes. In contrast, our Organic Dandelion Leaf & Root is formulated with both the roots and leaves of dandelion. Our herbalists include the leaves to provide the additional benefit of kidney support.* These unroasted ingredients offer an overall milder and sweeter flavor. Both dandelion teas are caffeine-free herbal teas."
dandelion-leaf-root-tea,Dandelion Leaf & Root Tea,5,How to Enjoy,"Pour 8 oz. freshly boiled water over 1 tea bag. Cover & Steep for 10-15 min. Squeeze tea bag to ensure maximum goodness. Enjoy 3 cups per day. Best if drunk daily for up to 2 weeks, followed by a break of 1 week. For Adults Only."
dandelion-leaf-root-tea,Dandelion Leaf & Root Tea,6,How Fast Will I Get My Order?,How FAST will I receive my order? The ZIP Code you entered was not found. Please try again. FAST & FREE Delivery Over $45 Order by: Receive it For ZIP Code with FREE Shipping on Orders Over $45 Shipping to another address? ZIP Code (must be 5 numbers) Some restrictions apply. See our complete shipping policy . Find In A Store Near You
nettle-leaf-tea,Nettle Leaf Tea,1,What are the benefits of nettle leaf tea?,Incorporating nettle leaf tea into your routine benefits whole body support and joint health.*
nettle-leaf-tea,Nettle Leaf Tea,2,Can I consume nettle leaf tea every day?,"For the most benefit, drink 3-4 cups daily to support overall wellness.* That said, we encourage individuals to consult with their healthcare practitioner for personalized consumption recommendations depending on their unique health history."
nettle-leaf-tea,Nettle Leaf Tea,3,Who should not consumer nettle leaf tea?,"While nettle leaf is a common herbal ally, individuals that are diabetic should consult with their healthcare practitioner prior to use as nettle leaf may affect blood sugar and insulin levels."
nettle-leaf-tea,Nettle Leaf Tea,4,How to Enjoy,Pour 8 oz. freshly boiled water over 1 tea bag. Cover & Steep for 10-15 min. Squeeze tea bag to ensure maximum goodness. Enjoy 3-4 cups per day.
nettle-leaf-tea,Nettle Leaf Tea,5,How Fast Will I Get My Order?,How FAST will I receive my order? The ZIP Code you entered was not found. Please try again. FAST & FREE Delivery Over $45 Order by: Receive it For ZIP Code with FREE Shipping on Orders Over $45 Shipping to another address? ZIP Code (must be 5 numbers) Some restrictions apply. See our complete shipping policy . Find In A Store Near You
throat-coat-tea,Throat Coat® Tea,1,What are the benefits of Throat Coat tea?,Our Throat Coat tea supports throat health when you need soothing relief.*
throat-coat-tea,Throat Coat® Tea,2,How often can I drink Throat Coat tea?,"For the most benefit, drink 4-6 cups daily while you’re in need. That said, it’s always a great idea to consult your herbalist or healthcare practitioner for personalized recommendations. For additional consumption information, check out the side panel of your tea box or the Supplement Facts card on this page."
throat-coat-tea,Throat Coat® Tea,3,Why is Throat Coat not recommended for children under 12 years of age?,"This tea is formulated with adult bodies and constitutions in mind, which is why we’re unable to recommend it for kids. We suggest consulting with a pediatrician to explore how herbs can play a part in your child’s wellness."
throat-coat-tea,Throat Coat® Tea,4,"What is the difference between Throat Coat Original, Throat Coat Lemon Echinacea and Throat Coat Eucalyptus?","Our line of Organic Throat Coat teas is formulated with classic demulcent, or soothing, herbs like slippery elm, marshmallow root, and licorice, but uniquely combined with other seasonal plant allies for specialized support. Sweet and silky, our original Organic Throat Coat tea features slippery elm in conjunction with marshmallow root and licorice for soothing relief when your throat needs some love.* Our Organic Throat Coat Lemon Echinacea combines the power of marshmallow root and licorice with the immune-supporting goodness of echinacea, and bright lemon for a sweet and citrusy flavor.* With our Organic Throat Coat Eucalyptus, we’ve combined slippery elm and eucalyptus to create extra support for both the throat and the respiratory system, that tastes sweet and earthy with a refreshing hint of mint.*"
throat-coat-tea,Throat Coat® Tea,5,How to Enjoy,Pour 8 oz. freshly boiled water over 1 tea bag. Cover & Steep for 10-15 min. Squeeze tea bag to ensure maximum goodness. Enjoy 4-6 cups per day. Especially good with honey!
throat-coat-tea,Throat Coat® Tea,6,How Fast Will I Get My Order?,How FAST will I receive my order? The ZIP Code you entered was not found. Please try again. FAST & FREE Delivery Over $45 Order by: Receive it For ZIP Code with FREE Shipping on Orders Over $45 Shipping to another address? ZIP Code (must be 5 numbers) Some restrictions apply. See our complete shipping policy . Find In A Store Near You
chamomile-with-lavender-tea,Chamomile & Lavender Tea,1,What is Chamomile used for?,Chamomile is a wonderfully supportive herb that calms your nerves and supports healthy digestion.*
chamomile-with-lavender-tea,Chamomile & Lavender Tea,2,"What species of chamomile, lavender, and lemon balm do you use in your teas?","We formulate our Organic Chamomile & Lavender tea with organic chamomile ( Matricaria chamomilla ) , organic lavender ( Lavandula angustifolia ), and organic lemon balm ( Melissa officinalis)"
chamomile-with-lavender-tea,Chamomile & Lavender Tea,3,Why do you formulate lemon balm into this blend?,"Lemon balm is traditionally known to help calm frazzled nerves and has a mildly minty flavor with subtle citrus notes, making it the perfect addition to this blend to settle your nervous system when stressed.*"
chamomile-with-lavender-tea,Chamomile & Lavender Tea,4,How to Enjoy,Pour 8 oz. freshly boiled water over 2 tea bags. Cover & Steep for 10 min. Squeeze tea bags to ensure maximum goodness. Enjoy 3-4 cups per day.
chamomile-with-lavender-tea,Chamomile & Lavender Tea,5,How Fast Will I Get My Order?,How FAST will I receive my order? The ZIP Code you entered was not found. Please try again. FAST & FREE Delivery Over $45 Order by: Receive it For ZIP Code with FREE Shipping on Orders Over $45 Shipping to another address? ZIP Code (must be 5 numbers) Some restrictions apply. See our complete shipping policy . Find In A Store Near You
hawthorn-with-hibiscus-tea,Hawthorn & Hibiscus Tea,1,What are the benefits of hawthorn & hibiscus tea?,Our Organic Hawthorn & Hibiscus tea supports the cardiovascular system and maintains a healthy heart.*
hawthorn-with-hibiscus-tea,Hawthorn & Hibiscus Tea,2,What are the benefits of hawthorn?,"Hawthorn is loved by herbalists for promoting heart health as it contains beneficial and “to feed and tone the heart.”* help promote everyday wellness and support heart health, while, as condensed tannins, add a benefit much like red wine grapes."
hawthorn-with-hibiscus-tea,Hawthorn & Hibiscus Tea,3,What part of the hawthorn tree do you use in your tea?,"Our herbalists formulate our tea with hand-picked organic leaves, berries, and flowers that meet our high-quality standards."
hawthorn-with-hibiscus-tea,Hawthorn & Hibiscus Tea,4,Can I consume hawthorn & hibiscus tea every day?,"Our Hawthorn & Hibiscus tea can be consumed daily. It is a caffeine-free herbal tea that can be enjoyed any time of the day, either hot or brewed hot then served cold. That said, we encourage individuals to consult with their healthcare practitioner for personalized consumption recommendations depending on their unique health history."
hawthorn-with-hibiscus-tea,Hawthorn & Hibiscus Tea,5,Who should not drink hawthorn & hibiscus tea?,"While hawthorn and hibiscus tea can be a supportive and enjoyable addition to your wellness plan, individuals that experience heart conditions or are taking cardiac glycosides such as digoxin or blood pressure medications should consult with their healthcare practitioner prior to use."
hawthorn-with-hibiscus-tea,Hawthorn & Hibiscus Tea,6,How to Enjoy,Pour 8 oz. freshly boiled water over 1 tea bag. Cover & Steep for 10-15 min. Squeeze tea bag to ensure maximum goodness. Enjoy 3-4 cups per day.
hawthorn-with-hibiscus-tea,Hawthorn & Hibiscus Tea,7,How Fast Will I Get My Order?,How FAST will I receive my order? The ZIP Code you entered was not found. Please try again. FAST & FREE Delivery Over $45 Order by: Receive it For ZIP Code with FREE Shipping on Orders Over $45 Shipping to another address? ZIP Code (must be 5 numbers) Some restrictions apply. See our complete shipping policy . Find In A Store Near You
breathe-easy-tea,Breathe Easy® Tea,1,What are the benefits of Breathe Easy® tea?,Our Breathe Easy® tea promotes respiratory health like a breath of fresh air.*
breathe-easy-tea,Breathe Easy® Tea,2,Why doesn’t this product have the USDA Organic logo?,"Our Breathe Easy® tea contains 92% certified organic herbal ingredients, however, Bi Yan Pian is not certified organic as it contains ingredients that we have been unable source in organic quality. Although not organic, it does meet our strict high-quality pharmacopeial standards."
breathe-easy-tea,Breathe Easy® Tea,3,What is Bi Yan Pian extract?,Bi Yan Pian is a Traditional Chinese Medicine formulation that combines eleven herbs that assist in supporting respiratory health.* The extract is made by decocting the ingredients together in water and drying them into a single ingredient.
breathe-easy-tea,Breathe Easy® Tea,4,How to Enjoy,Pour 8 oz. freshly boiled water over 1 tea bag. Cover & Steep for 10-15 min. Squeeze tea bag to ensure maximum goodness. Enjoy 3 cups per day. Especially good with honey!
breathe-easy-tea,Breathe Easy® Tea,5,How Fast Will I Get My Order?,How FAST will I receive my order? The ZIP Code you entered was not found. Please try again. FAST & FREE Delivery Over $45 Order by: Receive it For ZIP Code with FREE Shipping on Orders Over $45 Shipping to another address? ZIP Code (must be 5 numbers) Some restrictions apply. See our complete shipping policy . Find In A Store Near You
cup-of-calm-tea,Cup of Calm® Tea,1,How to Enjoy,Pour 8 oz. freshly boiled water over 1 tea bag. Cover & Steep for 10-15 min. Squeeze tea bag to ensure maximum goodness. Enjoy 2-3 cups per day.
cup-of-calm-tea,Cup of Calm® Tea,2,How Fast Will I Get My Order?,How FAST will I receive my order? The ZIP Code you entered was not found. Please try again. FAST & FREE Delivery Over $45 Order by: Receive it For ZIP Code with FREE Shipping on Orders Over $45 Shipping to another address? ZIP Code (must be 5 numbers) Some restrictions apply. See our complete shipping policy . Find In A Store Near You
peppermint-tea,Peppermint Tea,1,What are the benefits of Peppermint Tea?,"Our Organic Peppermint tea soothes the belly and relieves occasional digestive discomfort.* Menthol, one of peppermint’s main active compounds, encourages the muscles of the digestive tract to relax and helps to slow muscle contractions, contributing to overall healthy digestion.*"
peppermint-tea,Peppermint Tea,2,Can I consume Peppermint Tea every day?,"Peppermint tea can be consumed daily. It is a caffeine-free herbal digestive that can be enjoyed any time of day, and is particularly helpful before or after meals. That said, we encourage individuals to consult with their healthcare practitioner for personalized consumption recommendations depending on their unique health history."
peppermint-tea,Peppermint Tea,3,Who should not drink Peppermint Tea?,"While peppermint tea is one of nature’s great digestive allies, individuals that experience acid reflux or hiatal hernia should consult with their healthcare practitioner prior to use as relaxing of the muscles in the digestive tract could temporarily exacerbate symptoms."
peppermint-tea,Peppermint Tea,4,Is Peppermint Tea good before bed?,"Enjoying a warm mug of peppermint tea after dinner and before bed is an age-old ritual to wind down the day. Naturally caffeine-free, you can drift off to dreamland without late night jitters."
peppermint-tea,Peppermint Tea,5,How to Enjoy,Pour 8 oz. freshly boiled water over 1 tea bag. Cover & Steep for 10-15 min. Squeeze tea bag to ensure maximum goodness. Enjoy 3-4 cups per day.
peppermint-tea,Peppermint Tea,6,How Fast Will I Get My Order?,How FAST will I receive my order? The ZIP Code you entered was not found. Please try again. FAST & FREE Delivery Over $45 Order by: Receive it For ZIP Code with FREE Shipping on Orders Over $45 Shipping to another address? ZIP Code (must be 5 numbers) Some restrictions apply. See our complete shipping policy . Find In A Store Near You
echinacea-plus-elderberry-tea,Echinacea Plus® Elderberry Tea,1,What does echinacea do?,"Echinacea is stimulating and supportive, providing a healthy boost to the immune system.*"
echinacea-plus-elderberry-tea,Echinacea Plus® Elderberry Tea,2,What does elderberry do?,Elderberry boosts the immune system for year-round support.*
echinacea-plus-elderberry-tea,Echinacea Plus® Elderberry Tea,3,What species of echinacea do you use in your tea?,We primarily use organic Echinacea purpurea.
echinacea-plus-elderberry-tea,Echinacea Plus® Elderberry Tea,4,What species of elderberry do you use in your tea?,"We use organic Sambucus nigra, commonly known as black elderberry."
echinacea-plus-elderberry-tea,Echinacea Plus® Elderberry Tea,5,What does the ratio (2-8:1) of organic echinacea root dry extract mean in the supplement facts panel?,This ratio is referencing the extraction amount of the organic echinacea root dry extract that we use to formulate the tea. The purpose of making extracts is to create the same amount of active ingredients but with less volume. The extraction ratio of (2-8:1) is stating the extraction rate may vary from 2:1 to 8:1 (starting material: finished extract).
echinacea-plus-elderberry-tea,Echinacea Plus® Elderberry Tea,6,How to Enjoy,Pour 8 oz. freshly boiled water over 1 tea bag. Cover & Steep for 10-15 min. Squeeze tea bag to ensure maximum goodness. Enjoy 5-6 cups per day. Good with honey!
echinacea-plus-elderberry-tea,Echinacea Plus® Elderberry Tea,7,How Fast Will I Get My Order?,How FAST will I receive my order? The ZIP Code you entered was not found. Please try again. FAST & FREE Delivery Over $45 Order by: Receive it For ZIP Code with FREE Shipping on Orders Over $45 Shipping to another address? ZIP Code (must be 5 numbers) Some restrictions apply. See our complete shipping policy . Find In A Store Near You
spearmint-tea,Spearmint Tea,1,What are the benefits of spearmint tea?,"Our Organic Spearmint tea is healthy and refreshing, making it a wonderful choice as a daily herbal tea.*"
spearmint-tea,Spearmint Tea,2,Can I consume spearmint tea every day?,"You can enjoy our Organic Spearmint tea 1-3 times daily. Since it is a caffeine-free herbal tea, feel free to sip any time of the day. That said, we encourage individuals to consult with their healthcare practitioner for personalized consumption recommendations depending on their unique health history."
spearmint-tea,Spearmint Tea,3,What's the difference between spearmint and peppermint?,"Spearmint (Mentha spicata) and peppermint (Mentha x piperita) are both types of mint plants, but have different taste, appearance, and uses. While peppermint has a sharp minty bite, spearmint is perfectly sweet without an overpoweringly minty flavor."
spearmint-tea,Spearmint Tea,4,How to Enjoy,Pour 8 oz. freshly boiled water over 1 tea bag. Cover & Steep for 5-10 min. Squeeze tea bag to ensure maximum goodness. Enjoy 1-3 cups per day.
spearmint-tea,Spearmint Tea,5,How Fast Will I Get My Order?,How FAST will I receive my order? The ZIP Code you entered was not found. Please try again. FAST & FREE Delivery Over $45 Order by: Receive it For ZIP Code with FREE Shipping on Orders Over $45 Shipping to another address? ZIP Code (must be 5 numbers) Some restrictions apply. See our complete shipping policy . Find In A Store Near You
hibiscus-tea,Hibiscus Tea,1,What are the benefits of hibiscus tea?,"Our Organic Hibiscus tea supports the cardiovascular system and is a refreshing, tropical tea to give your heart a little love.*"
hibiscus-tea,Hibiscus Tea,2,Can I consume hibiscus tea every day?,"Hibiscus tea can be consumed daily. It is a caffeine-free herbal tea that can be enjoyed any time of the day, either hot or brewed hot and served cold. That said, we encourage individuals to consult with their healthcare practitioner for personalized consumption recommendations depending on their unique health history"
hibiscus-tea,Hibiscus Tea,3,What are some recipes I can make hibiscus tea with?,"Some of our favorite hibiscus tea recipes are, Agua de Jamaica, often found in Mexican restaurants, our Watermelon Hibiscus Daiquiri recipe , and our Ginger + Hibiscus Watermelon Pops ."
hibiscus-tea,Hibiscus Tea,4,How to Enjoy,"Pour 8 oz. freshly boiled water over 1 tea bag. Cover & Steep for 5-10 min. Squeeze tea bag to ensure maximum goodness. Enjoy 3-4 cups per day. To enjoy iced, brew hot as indicated above, replace cover, and place in the fridge to chill before adding ice. Keep chilled and consume within 24 hours."
hibiscus-tea,Hibiscus Tea,5,How Fast Will I Get My Order?,How FAST will I receive my order? The ZIP Code you entered was not found. Please try again. FAST & FREE Delivery Over $45 Order by: Receive it For ZIP Code with FREE Shipping on Orders Over $45 Shipping to another address? ZIP Code (must be 5 numbers) Some restrictions apply. See our complete shipping policy . Find In A Store Near You
ginger-tea,Ginger Tea,1,What are the health benefits of Ginger Tea?,"Our medicinal teas formulated with organic ginger provide the medicinal benefits of promoting healthy digestion, preventing nausea due to motion, and relieving stomach cramping.*"
ginger-tea,Ginger Tea,2,What species of ginger root do you use in your teas?,We formulate our organic ginger teas with organic ginger (Zingiber officinale) rhizome (root).
ginger-tea,Ginger Tea,3,Can I take Ginger Tea during pregnancy?,"Our Organic Ginger tea can be used during pregnancy and has traditionally been used to support to calm normal morning sickness.* That said, we recommend individuals who are pregnant consult with their healthcare practitioner who can offer personalized recommendations if ginger tea is right for them during their pregnancy."
ginger-tea,Ginger Tea,4,What is the difference between your Organic Ginger tea and your Organic Ginger Aid® tea?,"Both our Organic Ginger tea and our Organic Ginger Aid tea are caffeine-free and offer the health benefits of promoting healthy digestion and preventing nausea due to motion.* Our warming Organic Ginger tea is for the ginger purist, with each tea bag only containing organic ginger rhizome. Our Organic Ginger Aid tea is our spiciest ginger tea - formulated with ginger and other supportive herbs like turmeric, moringa, caraway, and cinnamon to support healthy digestion."
ginger-tea,Ginger Tea,5,How to Enjoy,Pour 8 oz. freshly boiled water over 1 tea bag. Cover & Steep for 10-15 min. Squeeze tea bag to ensure maximum goodness. Enjoy 1-2 cups per day. Especially good to drink before or after meals.
ginger-tea,Ginger Tea,6,How Fast Will I Get My Order?,How FAST will I receive my order? The ZIP Code you entered was not found. Please try again. FAST & FREE Delivery Over $45 Order by: Receive it For ZIP Code with FREE Shipping on Orders Over $45 Shipping to another address? ZIP Code (must be 5 numbers) Some restrictions apply. See our complete shipping policy . Find In A Store Near You
roasted-dandelion-root-tea,Roasted Dandelion Root Tea,1,What are the benefits of drinking Dandelion Root tea?,"Our Organic Roasted Dandelion Root tea is formulated to stimulate the liver and support healthy digestion.* Specifically, the bitter flavor of dandelion roots stimulates the taste buds, triggering the secretion of digestive juices along the digestive tract, thus supporting the body’s innate digestive and detoxification processes.*"
roasted-dandelion-root-tea,Roasted Dandelion Root Tea,2,What does Dandelion Root tea taste like?,"Our Organic Roasted Dandelion Root tea has a roasted slightly nutty flavor profile with mild bitter notes, similar to a gentle black coffee but is naturally caffeine-free."
roasted-dandelion-root-tea,Roasted Dandelion Root Tea,3,What is the difference between Roasted Dandelion Root tea and Dandelion Leaf & Root tea?,"Our Organic Roasted Dandelion Root tea contains just the roots of the dandelion plant to specifically stimulate the liver and support healthy digestion.* In addition, we roast the roots to provide a pleasantly robust, roasted flavor with slightly bitter notes. In contrast, our Organic Dandelion Leaf & Root is formulated with both the roots and leaves of dandelion. Our herbalists include the leaves to provide the additional benefit of kidney support.* These unroasted ingredients offer an overall milder and sweeter flavor. Both dandelion teas are caffeine-free herbal teas."
roasted-dandelion-root-tea,Roasted Dandelion Root Tea,4,How to Enjoy,Pour 8 oz. freshly boiled water over 1 tea bag. Cover & Steep for 10-15 min. Squeeze tea bag to ensure maximum goodness. Enjoy up to 3 cups per day.
roasted-dandelion-root-tea,Roasted Dandelion Root Tea,5,How Fast Will I Get My Order?,How FAST will I receive my order? The ZIP Code you entered was not found. Please try again. FAST & FREE Delivery Over $45 Order by: Receive it For ZIP Code with FREE Shipping on Orders Over $45 Shipping to another address? ZIP Code (must be 5 numbers) Some restrictions apply. See our complete shipping policy . Find In A Store Near You
smooth-move-tea,Smooth Move® Tea,1,What are the benefits of senna?,"Senna leaf (Cassia angustifolia, Senna alexandrina Mill.) works by gently stimulating your intestines to help you produce a bowel movement and relieve occasional constipation.*"
smooth-move-tea,Smooth Move® Tea,2,Can I drink senna tea everyday?,"Not quite. Our Organic Smooth Move products are intended for occasional support and should be used for less than one week at a time, unless otherwise directed by a physician. Concerns with long-term usage of senna products, include tolerance and dependence, meaning you may need more senna for the same effect and may become dependent on senna for peristalsis. That said, we encourage individuals to consult their healthcare practitioner for personalized consumption recommendations depending on their unique health history."
smooth-move-tea,Smooth Move® Tea,3,How quickly does senna tea work?,"Organic Smooth Move tea works best when taken at bedtime, as it generally produces a bowel movement within 6-12 hours."
smooth-move-tea,Smooth Move® Tea,4,"What is the difference between Smooth Move, Smooth Move Peppermint, and Smooth Move Chamomile teas?","Each of our Organic Smooth Move teas contains the same amount of organic senna to relieve occasional constipation but are formulated with different supporting herbal ingredients, such as peppermint in our Organic Smooth Move Peppermint tea may provide additional cramping relief and the chamomile in our Organic Smooth Move Chamomile for an added calming effect.*"
smooth-move-tea,Smooth Move® Tea,5,How to Enjoy,"Pour 8 oz. freshly boiled water over 1 tea bag. Cover & Steep for 10-15 min. Squeeze tea bag to ensure maximum goodness. Enjoy 1 cup per day, preferably at bedtime."
smooth-move-tea,Smooth Move® Tea,6,How Fast Will I Get My Order?,How FAST will I receive my order? The ZIP Code you entered was not found. Please try again. FAST & FREE Delivery Over $45 Order by: Receive it For ZIP Code with FREE Shipping on Orders Over $45 Shipping to another address? ZIP Code (must be 5 numbers) Some restrictions apply. See our complete shipping policy . Find In A Store Near You
chamomile-tea,Chamomile Tea,1,What is Chamomile Tea used for?,The benefits of Chamomile Tea include calming your nerves and supporting healthy digestion.*
chamomile-tea,Chamomile Tea,2,What species of chamomile do you use in your teas?,"We formulate our Organic Chamomile tea with the Matricaria chamomilla species of chamomile, commonly known as German Chamomile."
chamomile-tea,Chamomile Tea,3,What part of the chamomile plant do you use in your Organic Chamomile Tea?,"In our Organic Chamomile tea, we only use the chamomile flower, which is the most medicinal part of the plant. The chamomile flower is naturally rich in the compound azulene, which contributes to its floral fragrance and sweet honey flavor profile."
chamomile-tea,Chamomile Tea,4,Can I drink Chamomile Tea every day?,"Chamomile can be consumed every day if deemed appropriate by your healthcare professional. That said, individuals who are allergic to plants in the daisy (Asteraceae family) should not consume chamomile tea. Safety is our top priority when formulating our teas, and we list all known safety information on the side panel of our cartons and product pages of our website."
chamomile-tea,Chamomile Tea,5,How to Enjoy,Pour 8 oz. freshly boiled water over 1 tea bag. Cover & Steep for 5-10 min. Squeeze tea bag to ensure maximum goodness. Enjoy 3-4 cups per day.
chamomile-tea,Chamomile Tea,6,How Fast Will I Get My Order?,How FAST will I receive my order? The ZIP Code you entered was not found. Please try again. FAST & FREE Delivery Over $45 Order by: Receive it For ZIP Code with FREE Shipping on Orders Over $45 Shipping to another address? ZIP Code (must be 5 numbers) Some restrictions apply. See our complete shipping policy . Find In A Store Near You
raspberry-leaf-tea,Raspberry Leaf Tea,1,What are the benefits of Raspberry Leaf Tea?,"Our Organic Raspberry Leaf tea supports healthy menstruation, tones the uterus, and soothes normal menstrual cramps.*"
raspberry-leaf-tea,Raspberry Leaf Tea,2,When can Raspberry Leaf Tea be consumed during pregnancy?,"Raspberry leaf is traditionally used throughout pregnancy to help tone the uterus in preparation for childbirth. *Prior to the use of our Organic Raspberry Leaf tea or other herbs during pregnancy, we encourage individuals to consult with their healthcare provider."
raspberry-leaf-tea,Raspberry Leaf Tea,3,What is the difference between Organic Raspberry Leaf tea and Organic Healthy Cycle tea?,"Our Organic Raspberry Leaf tea only contains the herb, raspberry leaf, and is used to support healthy menstruation, tone the uterus, and for soothing normal menstrual cramps.* The main ingredient in our Organic Healthy Cycle tea is raspberry leaf, but the entire formula is composed of a blend of complementary herbs such as licorice, nettle leaf, and dandelion that support healthy menstruation.*"
raspberry-leaf-tea,Raspberry Leaf Tea,4,Are raspberry leaves the same as red raspberry leaves?,"Yes! Our Organic Raspberry Leaf tea is formulated with the leaves of Rubus idaeus, which is commonly known as red raspberry."
raspberry-leaf-tea,Raspberry Leaf Tea,5,How to Enjoy,Pour 8 oz. freshly boiled water over 1 tea bag. Cover & Steep for 10-15 min. Squeeze tea bag to ensure maximum goodness. Enjoy 3-4 cups per day.
raspberry-leaf-tea,Raspberry Leaf Tea,6,How Fast Will I Get My Order?,How FAST will I receive my order? The ZIP Code you entered was not found. Please try again. FAST & FREE Delivery Over $45 Order by: Receive it For ZIP Code with FREE Shipping on Orders Over $45 Shipping to another address? ZIP Code (must be 5 numbers) Some restrictions apply. See our complete shipping policy . Find In A Store Near You
everyday-detox-tea,EveryDay Detox® Hibiscus & Schisandra Berry Tea,1,What are the benefits of EveryDay Detox Schisandra Berry tea?,Our Organic EveryDay Detox Schisandra Berry tea promotes healthy liver function.*
everyday-detox-tea,EveryDay Detox® Hibiscus & Schisandra Berry Tea,2,How often can I drink EveryDay Detox Schisandra Berry tea?,"For maximum benefits, we recommend drinking 1-2 cups daily, for up to 2 weeks, followed by a break before resuming. That said, it’s always a great idea to consult your herbalist or healthcare practitioner for personalized recommendations. For additional consumption information, check out the side panel of your tea box or the Supplement Facts card on this product page."
everyday-detox-tea,EveryDay Detox® Hibiscus & Schisandra Berry Tea,3,"What is the difference between EveryDay Detox Schisandra Berry, EveryDay Detox Dandelion, and EveryDay Detox Lemon teas?","Our line of our Organic EveryDay Detox teas was created to gently support the body in its detox duties. Each specific tea features a unique combination of herbs to achieve slightly different benefits and flavors. Based on Traditional Chinese Medicine theory, our Organic EveryDay Detox Schisandra Berry is tart, slightly sweet and features schisandra berry to support healthy liver function.* Our Organic EveryDay Detox Dandelion tastes peppermint-y with a kiss of sweetness, while the dandelion provides support for both the liver and kidney.* For our Organic EveryDay Detox Lemon tea, we blend classic spring detox herbs burdock, dandelion, nettle, and cleavers for a trifecta of benefits supporting the liver, kidneys and healthy skin!*"
everyday-detox-tea,EveryDay Detox® Hibiscus & Schisandra Berry Tea,4,How to Enjoy,Pour 8 oz. freshly boiled water over 1 tea bag. Cover & Steep for 10-15 min. Squeeze tea bag to ensure maximum goodness. Enjoy 1-2 cups per day. For Adults Only.
everyday-detox-tea,EveryDay Detox® Hibiscus & Schisandra Berry Tea,5,How Fast Will I Get My Order?,How FAST will I receive my order? The ZIP Code you entered was not found. Please try again. FAST & FREE Delivery Over $45 Order by: Receive it For ZIP Code with FREE Shipping on Orders Over $45 Shipping to another address? ZIP Code (must be 5 numbers) Some restrictions apply. See our complete shipping policy . Find In A Store Near You
fennel-tea,Fennel Tea,1,What are the benefits of fennel tea?,"Our Organic Fennel tea helps to relieve occasional gas, bloating, and indigestion.* The key to fennel’s herbal power is its high content of beneficial compounds, typically found in the seeds. Anethole gives fennel that characteristic licorice-like taste and fenchone helps to calm discomfort.*"
fennel-tea,Fennel Tea,2,Can I consume fennel tea every day?,"Fennel tea can be consumed daily. It is a caffeine-free herbal digestive that can be enjoyed any time of day, and it’s particularly helpful to drink fennel tea after meals. That said, we encourage individuals to consult with their healthcare practitioner for personalized consumption recommendations depending on their unique health history."
fennel-tea,Fennel Tea,3,Who should not drink fennel tea?,"While fennel tea is a commonly used herb in both medicinal and culinary recipes, individuals that are allergic to plants in the parsley (Apiaceae) family should avoid consuming fennel tea."
fennel-tea,Fennel Tea,4,Which part of the fennel plant do you use to make fennel tea?,"Our Organic Fennel tea is formulated using the bitter fennel fruit, which is also commonly known as the fennel seed."
fennel-tea,Fennel Tea,5,How to Enjoy,Pour 8 oz. freshly boiled water over 1 tea bag. Cover & Steep for 10-15 min. Squeeze tea bag to ensure maximum goodness. Enjoy 1-3 cups per day.
fennel-tea,Fennel Tea,6,How Fast Will I Get My Order?,How FAST will I receive my order? The ZIP Code you entered was not found. Please try again. FAST & FREE Delivery Over $45 Order by: Receive it For ZIP Code with FREE Shipping on Orders Over $45 Shipping to another address? ZIP Code (must be 5 numbers) Some restrictions apply. See our complete shipping policy . Find In A Store Near You
everyday-detox-lemon-tea,EveryDay Detox® Lemon Tea,1,What are the benefits of EveryDay Detox Lemon tea?,"Our Organic EveryDay Detox Lemon tea promotes healthy skin, liver, and kidney function.*"
everyday-detox-lemon-tea,EveryDay Detox® Lemon Tea,2,How often can I drink EveryDay Detox Lemon?,"To get the most out of this blend, we recommend drinking 2-3 cups daily, for up to 2 weeks, followed by a break of 1 week. That said, it’s always a great idea to consult your herbalist or healthcare practitioner for personalized recommendations. For additional consumption information, check out the side panel of your tea box or the Supplement Facts card on this product page."
everyday-detox-lemon-tea,EveryDay Detox® Lemon Tea,3,"What is the difference between EveryDay Detox Schisandra Berry, EveryDay Detox Dandelion, and EveryDay Detox Lemon teas?","Our line of our Organic EveryDay Detox teas was created to gently support the body in its detox duties. Each specific tea features a unique combination of herbs to achieve slightly different benefits and flavors. Based on Traditional Chinese Medicine theory, our Organic EveryDay Detox Schisandra Berry is tart, slightly sweet and features schisandra berry to support healthy liver function.* Our Organic EveryDay Detox Dandelion tastes peppermint-y with a kiss of sweetness, while the dandelion provides support for both the liver and kidney.* For our Organic EveryDay Detox Lemon tea, we blend classic spring detox herbs burdock, dandelion, nettle, and cleavers for a trifecta of benefits supporting the liver, kidneys and healthy skin!*"
everyday-detox-lemon-tea,EveryDay Detox® Lemon Tea,4,How to Enjoy,"Pour 8 oz. freshly boiled water over 2 tea bags. Cover & Steep for 10-15 min. Squeeze tea bags to ensure maximum goodness. Enjoy 2-3 cups per day. Best if drunk daily for up to 2 weeks, followed by a break of 1 week. For Adults Only."
everyday-detox-lemon-tea,EveryDay Detox® Lemon Tea,5,How Fast Will I Get My Order?,How FAST will I receive my order? The ZIP Code you entered was not found. Please try again. FAST & FREE Delivery Over $45 Order by: Receive it For ZIP Code with FREE Shipping on Orders Over $45 Shipping to another address? ZIP Code (must be 5 numbers) Some restrictions apply. See our complete shipping policy . Find In A Store Near You
herbal-cold-care-tea,Herbal Cold Care™ Tea,1,How to Enjoy,Pour 8 oz. freshly boiled water over 1 tea bag. Cover & Steep for 10-15 min. Squeeze tea bag to ensure maximum goodness. Enjoy 2-6 cups per day. Especially good with honey!
herbal-cold-care-tea,Herbal Cold Care™ Tea,2,How Fast Will I Get My Order?,How FAST will I receive my order? The ZIP Code you entered was not found. Please try again. FAST & FREE Delivery Over $45 Order by: Receive it For ZIP Code with FREE Shipping on Orders Over $45 Shipping to another address? ZIP Code (must be 5 numbers) Some restrictions apply. See our complete shipping policy . Find In A Store Near You
nighty-night-tea,Nighty Night® Tea,1,What does passionflower do?,"Passionflower soothes the nervous system, eases anxious minds, and promotes a good night’s sleep.*"
nighty-night-tea,Nighty Night® Tea,2,Can I consume Organic Nighty Night for longer than two weeks?,"Since our tea is formulated for occasional sleeplessness only, we do not recommend consuming it longer than two weeks without taking a break. If you’re experiencing long-term sleeplessness and symptoms persist, we'd advise consulting with a healthcare practitioner that can offer personalized guidance. Safety is our top priority when formulating our teas, and we list related information on the side panel of our cartons and product pages of our website."
nighty-night-tea,Nighty Night® Tea,3,Why is Organic Nighty Night not recommended for children under the age of 12?,"Our Organic Nighty Night is formulated for adult bodies and constitutions, which is why we’re unable to recommend it for use with children. We suggest consulting with the child’s pediatrician for guidance on incorporating herbal teas into their routine."
nighty-night-tea,Nighty Night® Tea,4,What is the difference between Organic Nighty Night and Organic Nighty Night Extra?,"Our two Organic Nighty Night teas have different active herbs, and you may find one works better for your sleep needs. Our Organic Nighty Night original tea uses passionflower, chamomile, hops, and catnip to help you get a good night’s rest. In addition to these herbs, Organic Nighty Night also includes linden to promote relaxation, along with spearmint, lemon verbena, lemon peel, and lemongrass for flavor.* Organic Nighty Night Extra tea utilizes valerian root along with passionflower and lemon balm. This formula is complemented by peppermint, caraway, and licorice for flavor. Valerian root has been widely used as a gentle herbal sedative and is considered one of nature’s best relaxing herbs.* Additionally, our Organic Nighty Night Extra is formulated without the use of chamomile, making it suitable for individuals with an allergy to plants in the Asteraceae (daisy) family."
nighty-night-tea,Nighty Night® Tea,5,How to Enjoy,"Pour 8 oz. freshly boiled water over 1 tea bag. Cover & Steep for 10-15 min. Squeeze tea bag to ensure maximum goodness. Enjoy 2-3 cups late in the day, at least 1 cup 30 minutes before bed. For Adults Only."
nighty-night-tea,Nighty Night® Tea,6,How Fast Will I Get My Order?,How FAST will I receive my order? The ZIP Code you entered was not found. Please try again. FAST & FREE Delivery Over $45 Order by: Receive it For ZIP Code with FREE Shipping on Orders Over $45 Shipping to another address? ZIP Code (must be 5 numbers) Some restrictions apply. See our complete shipping policy . Find In A Store Near You
healthy-cycle-tea,Healthy Cycle® Tea,1,How to Enjoy,Pour 8 oz. freshly boiled water over 1 tea bag. Cover & Steep for 10-15 min. Squeeze tea bag to ensure maximum goodness. Enjoy 2-3 cups per day.
healthy-cycle-tea,Healthy Cycle® Tea,2,How Fast Will I Get My Order?,How FAST will I receive my order? The ZIP Code you entered was not found. Please try again. FAST & FREE Delivery Over $45 Order by: Receive it For ZIP Code with FREE Shipping on Orders Over $45 Shipping to another address? ZIP Code (must be 5 numbers) Some restrictions apply. See our complete shipping policy . Find In A Store Near You
belly-comfort-peppermint-tea,Belly Comfort® Peppermint Tea,1,What are the benefits of Organic Belly Comfort Peppermint tea?,Our Organic Belly Comfort Peppermint tea soothes the belly and relieves occasional indigestion.*
belly-comfort-peppermint-tea,Belly Comfort® Peppermint Tea,2,Can I consume tea that contains peppermint every day?,"Our Organic Belly Comfort Peppermint tea can be consumed daily. It is a caffeine-free herbal digestive that can be enjoyed any time of day, and is particularly helpful before or after meals.* That said, we encourage individuals to consult with their healthcare practitioner for personalized consumption recommendations depending on their unique health history."
belly-comfort-peppermint-tea,Belly Comfort® Peppermint Tea,3,Who should not drink peppermint tea?,"While peppermint tea is one of nature’s great digestive allies, individuals that experience acid reflux or hiatal hernia should consult with their healthcare practitioner prior to use as relaxing of the muscles in the digestive tract could temporarily exacerbate symptoms."
belly-comfort-peppermint-tea,Belly Comfort® Peppermint Tea,4,What species of ginger root do you use in your teas?,We formulate our organic ginger teas with organic ginger (Zingiber officinale) rhizome (root).
belly-comfort-peppermint-tea,Belly Comfort® Peppermint Tea,5,How to Enjoy,Pour 8 oz. freshly boiled water over 1 tea bag. Cover & Steep for 10-15 min. Squeeze tea bag to ensure maximum goodness. Enjoy 2-3 cups per day after meals or when experiencing digestive discomfort.
belly-comfort-peppermint-tea,Belly Comfort® Peppermint Tea,6,How Fast Will I Get My Order?,How FAST will I receive my order? The ZIP Code you entered was not found. Please try again. FAST & FREE Delivery Over $45 Order by: Receive it For ZIP Code with FREE Shipping on Orders Over $45 Shipping to another address? ZIP Code (must be 5 numbers) Some restrictions apply. See our complete shipping policy . Find In A Store Near You
cold-care-p-m-tea,Cold Care P.M.® Tea,1,How to Enjoy,Pour 8 oz. freshly boiled water over 1 tea bag. Cover & Steep for 10-15 min. Squeeze tea bag to ensure maximum goodness. Enjoy 5-6 cups per day. Good with honey!
cold-care-p-m-tea,Cold Care P.M.® Tea,2,How Fast Will I Get My Order?,How FAST will I receive my order? The ZIP Code you entered was not found. Please try again. FAST & FREE Delivery Over $45 Order by: Receive it For ZIP Code with FREE Shipping on Orders Over $45 Shipping to another address? ZIP Code (must be 5 numbers) Some restrictions apply. See our complete shipping policy . Find In A Store Near You
licorice-root-tea,Licorice Root Tea,1,What are the benefits of licorice root tea?,Organic Licorice Root tea soothes digestion and supports respiratory health.*
licorice-root-tea,Licorice Root Tea,2,Can I consume licorice root every day?,"Our Organic Licorice Root tea can be enjoyed 1-3 cups per day, but should not be drunk daily for more than 4 weeks. That said, we encourage individuals to consult with their healthcare practitioner for personalized consumption recommendations depending on their unique health history."
licorice-root-tea,Licorice Root Tea,3,Who should not drink licorice root tea?,"We don't recommend licorice root tea for individuals that have low potassium labels, or are taking diuretics, corticosteroids, cardiac glycosides such as digoxin or potassium-depleting medications. In addition, do not consume licorice root tea if you have high blood pressure, heart disease, or impaired kidney or liver function. That said, we encourage individuals to consult with their healthcare practitioner for personalized consumption recommendations depending on their unique health history."
licorice-root-tea,Licorice Root Tea,4,How to Enjoy,Pour 8 oz. freshly boiled water over 1 tea bag. Cover & Steep for 10-15 min. Squeeze tea bag to ensure maximum goodness. Enjoy 1-3 cups per day. Licorice Root tea should not be drunk daily for more than 4 weeks.
licorice-root-tea,Licorice Root Tea,5,How Fast Will I Get My Order?,How FAST will I receive my order? The ZIP Code you entered was not found. Please try again. FAST & FREE Delivery Over $45 Order by: Receive it For ZIP Code with FREE Shipping on Orders Over $45 Shipping to another address? ZIP Code (must be 5 numbers) Some restrictions apply. See our complete shipping policy . Find In A Store Near You
immune-zoom-elderberry-echinacea-tea,Immune Zoom® Elderberry Echinacea Tea,1,How to Enjoy,Pour 8 oz. freshly boiled water over 1 tea bag. Cover & Steep for 10-15 min. Squeeze & REMOVE tea bag to ensure maximum goodness. Enjoy 2 cups per day. Especially good with honey.
immune-zoom-elderberry-echinacea-tea,Immune Zoom® Elderberry Echinacea Tea,2,How Fast Will I Get My Order?,How FAST will I receive my order? The ZIP Code you entered was not found. Please try again. FAST & FREE Delivery Over $45 Order by: Receive it For ZIP Code with FREE Shipping on Orders Over $45 Shipping to another address? ZIP Code (must be 5 numbers) Some restrictions apply. See our complete shipping policy . Find In A Store Near You
green-tea-ginger,Green Tea Ginger,1,How to Enjoy,Pour 8 oz. freshly boiled water over 1 tea bag. Cover & Steep for 10-15 min. Squeeze tea bag to ensure maximum goodness. Enjoy 1-3 cups per day.
green-tea-ginger,Green Tea Ginger,2,How Fast Will I Get My Order?,How FAST will I receive my order? The ZIP Code you entered was not found. Please try again. FAST & FREE Delivery Over $45 Order by: Receive it For ZIP Code with FREE Shipping on Orders Over $45 Shipping to another address? ZIP Code (must be 5 numbers) Some restrictions apply. See our complete shipping policy . Find In A Store Near You
green-tea-matcha,Green Tea Matcha,1,How to Enjoy,Pour 8 oz. freshly boiled water over 1 tea bag. Cover & Steep for 3 min. Squeeze tea bags to ensure maximum goodness. Enjoy 3 cups per day.
green-tea-matcha,Green Tea Matcha,2,How Fast Will I Get My Order?,How FAST will I receive my order? The ZIP Code you entered was not found. Please try again. FAST & FREE Delivery Over $45 Order by: Receive it For ZIP Code with FREE Shipping on Orders Over $45 Shipping to another address? ZIP Code (must be 5 numbers) Some restrictions apply. See our complete shipping policy . Find In A Store Near You
triple-mint-tea,Triple Mint Daily Probiotic Tea,1,How to Enjoy,Pour 8 oz. freshly boiled water over 1 tea bag. Cover & Steep for 10 min. Squeeze tea bag to ensure maximum goodness. Enjoy 3 cups per day.
triple-mint-tea,Triple Mint Daily Probiotic Tea,2,How Fast Will I Get My Order?,How FAST will I receive my order? The ZIP Code you entered was not found. Please try again. FAST & FREE Delivery Over $45 Order by: Receive it For ZIP Code with FREE Shipping on Orders Over $45 Shipping to another address? ZIP Code (must be 5 numbers) Some restrictions apply. See our complete shipping policy . Find In A Store Near You
throat-coat-lemon-echinacea-tea,Throat Coat® Lemon Echinacea Tea,1,What are the benefits of Throat Coat Lemon Echinacea tea?,Our Organic Throat Coat Lemon Echinacea tea soothes throats while providing an herbal boost to the immune system.*
throat-coat-lemon-echinacea-tea,Throat Coat® Lemon Echinacea Tea,2,How often can I drink Throat Coat Lemon Echinacea tea?,"For the most benefit, drink 1-3 cups daily while you’re in need. That said, it’s always a great idea to consult your herbalist or healthcare practitioner for personalized recommendations. For additional consumption information, check out the side panel of your tea box or the Supplement Facts card on this page."
throat-coat-lemon-echinacea-tea,Throat Coat® Lemon Echinacea Tea,3,Why is Throat Coat Lemon Echinacea not recommended for children under 12 years of age?,"This tea is formulated with adult bodies and constitutions in mind, which is why we’re unable to recommend it for kids. We suggest consulting with a pediatrician to explore how herbs can play a part in your child’s wellness."
throat-coat-lemon-echinacea-tea,Throat Coat® Lemon Echinacea Tea,4,"What is the difference between Throat Coat Original, Throat Coat Lemon Echinacea and Throat Coat Eucalyptus?","Our line of Organic Throat Coat teas is formulated with classic demulcent, or soothing, herbs like slippery elm, marshmallow root, and licorice, but uniquely combined with other seasonal plant allies for specialized support. Sweet and silky, our original Organic Throat Coat tea features slippery elm in conjunction with marshmallow root and licorice for soothing relief when your throat needs some love.* Our Organic Throat Coat Lemon Echinacea combines the power of marshmallow root and licorice with the immune-supporting goodness of echinacea, and bright lemon for a sweet and citrusy flavor.* With our Organic Throat Coat Eucalyptus, we’ve combined slippery elm and eucalyptus to create extra support for both the throat and the respiratory system, that tastes sweet and earthy with a refreshing hint of mint.*"
throat-coat-lemon-echinacea-tea,Throat Coat® Lemon Echinacea Tea,5,How to Enjoy,Pour 8 oz. freshly boiled water over 1 tea bag. Cover & Steep for 10-15 min. Squeeze tea bag to ensure maximum goodness. Enjoy 1-3 cups per day. Especially good with honey!
throat-coat-lemon-echinacea-tea,Throat Coat® Lemon Echinacea Tea,6,How Fast Will I Get My Order?,How FAST will I receive my order? The ZIP Code you entered was not found. Please try again. FAST & FREE Delivery Over $45 Order by: Receive it For ZIP Code with FREE Shipping on Orders Over $45 Shipping to another address? ZIP Code (must be 5 numbers) Some restrictions apply. See our complete shipping policy . Find In A Store Near You
gas-relief-tea,Gas Relief™ Tea,1,How to Enjoy,Pour 8 oz. freshly boiled water over 1 tea bag. Cover & Steep for 10-15 min. Squeeze tea bag to ensure maximum goodness. Enjoy 1-4 cups per day.
gas-relief-tea,Gas Relief™ Tea,2,How Fast Will I Get My Order?,How FAST will I receive my order? The ZIP Code you entered was not found. Please try again. FAST & FREE Delivery Over $45 Order by: Receive it For ZIP Code with FREE Shipping on Orders Over $45 Shipping to another address? ZIP Code (must be 5 numbers) Some restrictions apply. See our complete shipping policy . Find In A Store Near You
lemon-ginger-tea,Lemon Ginger Tea,1,How to Enjoy,Pour 8 oz. freshly boiled water over 1 tea bag. Cover & Steep for 10 min. Squeeze tea bag to ensure maximum goodness. Enjoy 1 cup per day or as needed.
lemon-ginger-tea,Lemon Ginger Tea,2,How Fast Will I Get My Order?,How FAST will I receive my order? The ZIP Code you entered was not found. Please try again. FAST & FREE Delivery Over $45 Order by: Receive it For ZIP Code with FREE Shipping on Orders Over $45 Shipping to another address? ZIP Code (must be 5 numbers) Some restrictions apply. See our complete shipping policy . Find In A Store Near You
green-tea-lemongrass,Green Tea Lemongrass,1,How to Enjoy,Pour 8 oz. freshly boiled water over 1 tea bag. Cover & Steep for 10-15 min. Squeeze tea bag to ensure maximum goodness. Enjoy 2-3 cups per day.
green-tea-lemongrass,Green Tea Lemongrass,2,How Fast Will I Get My Order?,How FAST will I receive my order? The ZIP Code you entered was not found. Please try again. FAST & FREE Delivery Over $45 Order by: Receive it For ZIP Code with FREE Shipping on Orders Over $45 Shipping to another address? ZIP Code (must be 5 numbers) Some restrictions apply. See our complete shipping policy . Find In A Store Near You
stress-ease-focus-tea,Stress Ease® Focus Tea,1,How do adaptogens work?,"Adaptogens are medicinal herbs that help your body respond to occasional stress and navigate the modern world with grace, resilience, and balanced energy.* One of the easiest ways to understand the benefits adaptogens provide is to compare them to an exercise program. Adaptogens engage the stress responses systems of our cells, organs, and regulatory pathways (such as the brain-adrenal axis) much the same way that gentle exercise does. Have you ever gone for a short walk, even if you felt tired, and returned feeling refreshed, less on-edge, and more engaged? Some adaptogens, such as Asian ginseng root ( Panax ginseng ), can provide similar effects, for similar reasons.* And have you noticed that enjoying regular, gentle exercise helps build your stamina, defuse occasional stress when it comes up, and keeps you creative and healthy? Regular use of adaptogens such as Eleuthero root ( Eleutherococcus senticosus ) similarly provides benefits for endurance and energy, mood when under stress, and overall resilience.* In sum, adaptogens provide an array of biochemical compounds which challenge our system in much the same way exercise does.* With regular use, we become more “fit” to handle stressful situations.* As a result, it is no surprise to see such a wide array of benefits associated with these herbal allies: energy, mood, and vitality are all likely to remain in positive balance when we are more fit to handle stress.*"
stress-ease-focus-tea,Stress Ease® Focus Tea,2,Do I need to drink it daily to get the benefits?,"Some adaptogens, such as Asian ginseng root ( Panax ginseng ) in our Stress Ease® Focus tea, can provide a boost in physical and mental performance shortly after you start consuming them.* However, for Asian ginseng as well as other adaptogens, best results come from daily use over time, with a short break every 6-8 weeks (much as with an exercise regimen)."
stress-ease-focus-tea,Stress Ease® Focus Tea,3,How to enjoy:,Pour 8 oz. freshly boiled water over 1 tea bag. Cover & Steep for 5-10 min. Squeeze tea bag to ensure maximum goodness. Enjoy 3 cups per day.
stress-ease-focus-tea,Stress Ease® Focus Tea,4,How Fast Will I Get My Order?,How FAST will I receive my order? The ZIP Code you entered was not found. Please try again. FAST & FREE Delivery Over $45 Order by: Receive it For ZIP Code with FREE Shipping on Orders Over $45 Shipping to another address? ZIP Code (must be 5 numbers) Some restrictions apply. See our complete shipping policy . Find In A Store Near You
green-tea-peppermint,Green Tea Peppermint,1,How to Enjoy,Pour 8 oz. freshly boiled water over 1 tea bag. Cover & Steep for 10-15 min. Squeeze tea bag to ensure maximum goodness. Enjoy 3-4 cups per day.
green-tea-peppermint,Green Tea Peppermint,2,How Fast Will I Get My Order?,How FAST will I receive my order? The ZIP Code you entered was not found. Please try again. FAST & FREE Delivery Over $45 Order by: Receive it For ZIP Code with FREE Shipping on Orders Over $45 Shipping to another address? ZIP Code (must be 5 numbers) Some restrictions apply. See our complete shipping policy . Find In A Store Near You
ginger-with-chamomile-tea,Ginger & Chamomile Tea,1,How to Enjoy,Pour 8 oz. freshly boiled water over 1 tea bag. Cover & Steep for 10-15 min. Squeeze tea bag to ensure maximum goodness. Enjoy 1-3 cups per day.
ginger-with-chamomile-tea,Ginger & Chamomile Tea,2,How Fast Will I Get My Order?,How FAST will I receive my order? The ZIP Code you entered was not found. Please try again. FAST & FREE Delivery Over $45 Order by: Receive it For ZIP Code with FREE Shipping on Orders Over $45 Shipping to another address? ZIP Code (must be 5 numbers) Some restrictions apply. See our complete shipping policy . Find In A Store Near You
ginger-aid-tea,Ginger Aid® Tea,1,Why did you reformulate?,"We heard you. You missed the OG formula so we brought it back. Thanks for speaking up, for loving herbs as much as we do, and for helping make Ginger Aid better, and fairer, than ever before."
ginger-aid-tea,Ginger Aid® Tea,2,What changed about the ingredients?,"We're proud to reintroduce Ginger Aid in its original, no-notes, spicy-sweet glory. The blend you loved, with real ginger, lemon myrtle, blackberry leaf, and just a touch of stevia. Nothing extra. Nothing unnecessary. Just everything your stomach, and your taste buds, asked for."
ginger-aid-tea,Ginger Aid® Tea,3,How to Enjoy,Pour 8 oz. freshly boiled water over 1 tea bag. Cover & Steep for 10-15 min. Squeeze tea bag to ensure maximum goodness. Enjoy up to 3 cups per day.
ginger-aid-tea,Ginger Aid® Tea,4,How Fast Will I Get My Order?,How FAST will I receive my order? The ZIP Code you entered was not found. Please try again. FAST & FREE Delivery Over $45 Order by: Receive it For ZIP Code with FREE Shipping on Orders Over $45 Shipping to another address? ZIP Code (must be 5 numbers) Some restrictions apply. See our complete shipping policy . Find In A Store Near You
echinacea-plus-tea,Echinacea Plus® Tea,1,What does echinacea do?,"Echinacea is stimulating and supportive, providing a healthy boost to the immune system.*"
echinacea-plus-tea,Echinacea Plus® Tea,2,What species of echinacea do you use in your tea?,We primarily use organic Echinacea purpurea.
echinacea-plus-tea,Echinacea Plus® Tea,3,What part of the echinacea plant is used for your tea?,"Our Organic Echinacea Plus tea contains both echinacea root and herb. With echinacea, both the root and the above-ground herb are recognized for their ability to support the immune system and both contain beneficial compounds (such as alkylamides).*"
echinacea-plus-tea,Echinacea Plus® Tea,4,What does the ratio (2-8:1) of organic echinacea root dry extract mean in the supplement facts panel?,This ratio is referencing the extraction amount of the organic echinacea root dry extract that we use to formulate the tea. The purpose of making extracts is to create the same amount of active ingredients but with less volume. The extraction ratio of (2-8:1) is stating the extraction rate may vary from 2:1 to 8:1 (starting material: finished extract).
echinacea-plus-tea,Echinacea Plus® Tea,5,How to Enjoy,Pour 8 oz. freshly boiled water over 1 tea bag. Cover & Steep for 10-15 min. Squeeze tea bag to ensure maximum goodness. Enjoy 5-6 cups throughout the day when needed. Good with honey!
echinacea-plus-tea,Echinacea Plus® Tea,6,How Fast Will I Get My Order?,How FAST will I receive my order? The ZIP Code you entered was not found. Please try again. FAST & FREE Delivery Over $45 Order by: Receive it For ZIP Code with FREE Shipping on Orders Over $45 Shipping to another address? ZIP Code (must be 5 numbers) Some restrictions apply. See our complete shipping policy . Find In A Store Near You
smooth-move-peppermint-tea,Smooth Move® Peppermint Tea,1,What are the benefits of senna?,"Senna leaf (Cassia angustifolia, Senna alexandrina Mill.) works by gently stimulating your intestines to help you produce a bowel movement and relieve occasional constipation.*"
smooth-move-peppermint-tea,Smooth Move® Peppermint Tea,2,Can I drink senna tea everyday?,"Not quite. Our Organic Smooth Move products are intended for occasional support and should be used for less than one week at a time, unless otherwise directed by a physician. Concerns with long-term usage of senna products, include tolerance and dependence, meaning you may need more senna for the same effect and may become dependent on senna for peristalsis. That said, we encourage individuals to consult their healthcare practitioner for personalized consumption recommendations depending on their unique health history."
smooth-move-peppermint-tea,Smooth Move® Peppermint Tea,3,How quickly does senna tea work?,"Organic Smooth Move tea works best when taken at bedtime, as it generally produces a bowel movement within 6-12 hours."
smooth-move-peppermint-tea,Smooth Move® Peppermint Tea,4,"What is the difference between Smooth Move, Smooth Move Peppermint, and Smooth Move Chamomile teas?","Each of our Organic Smooth Move teas contains the same amount of organic senna to relieve occasional constipation but are formulated with different supporting herbal ingredients, such as peppermint in our Organic Smooth Move Peppermint tea may provide additional cramping relief and the chamomile in our Organic Smooth Move Chamomile for an added calming effect.*"
smooth-move-peppermint-tea,Smooth Move® Peppermint Tea,5,How to Enjoy,"Pour 8 oz. freshly boiled water over 1 tea bag. Cover & Steep for 10-15 min. Squeeze tea bag to ensure maximum goodness. Enjoy 1 cup per day, preferably at bedtime."
smooth-move-peppermint-tea,Smooth Move® Peppermint Tea,6,How Fast Will I Get My Order?,How FAST will I receive my order? The ZIP Code you entered was not found. Please try again. FAST & FREE Delivery Over $45 Order by: Receive it For ZIP Code with FREE Shipping on Orders Over $45 Shipping to another address? ZIP Code (must be 5 numbers) Some restrictions apply. See our complete shipping policy . Find In A Store Near You
throat-coat-eucalyptus-tea,Throat Coat® Eucalyptus Tea,1,What are the benefits of Throat Coat Eucalyptus tea?,Our Organic Throat Coat Eucalyptus tea soothes throats with the added benefit of respiratory support.*
throat-coat-eucalyptus-tea,Throat Coat® Eucalyptus Tea,2,How often can I drink Throat Coat Eucalyptus tea?,"For the most benefit, drink 1-3 cups daily while you’re in need. That said, it’s always a great idea to consult your herbalist or healthcare practitioner for personalized recommendations. For additional consumption information, check out the side panel of your tea box or the Supplement Facts card on this page."
throat-coat-eucalyptus-tea,Throat Coat® Eucalyptus Tea,3,Why is Throat Coat Eucalyptus not recommended for children under 12 years of age?,"This tea is formulated with adult bodies and constitutions in mind, which is why we’re unable to recommend it for kids. We suggest consulting with a pediatrician to explore how herbs can play a part in your child’s wellness"
throat-coat-eucalyptus-tea,Throat Coat® Eucalyptus Tea,4,"What is the difference between Throat Coat Original, Throat Coat Lemon Echinacea and Throat Coat Eucalyptus?","Our line of Organic Throat Coat teas is formulated with classic demulcent, or soothing, herbs like slippery elm, marshmallow root, and licorice, but uniquely combined with other seasonal plant allies for specialized support. Sweet and silky, our original Organic Throat Coat tea features slippery elm in conjunction with marshmallow root and licorice for soothing relief when your throat needs some love.* Our Organic Throat Coat Lemon Echinacea combines the power of marshmallow root and licorice with the immune-supporting goodness of echinacea, and bright lemon for a sweet and citrusy flavor.* With our Organic Throat Coat Eucalyptus, we’ve combined slippery elm and eucalyptus to create extra support for both the throat and the respiratory system, that tastes sweet and earthy with a refreshing hint of mint.*"
throat-coat-eucalyptus-tea,Throat Coat® Eucalyptus Tea,5,How to Enjoy,Pour 8 oz. freshly boiled water over 1 tea bag. Cover & Steep for 10-15 min. Squeeze tea bag to ensure maximum goodness. Enjoy 1-3 cups per day. Especially good with honey!
throat-coat-eucalyptus-tea,Throat Coat® Eucalyptus Tea,6,How Fast Will I Get My Order?,How FAST will I receive my order? The ZIP Code you entered was not found. Please try again. FAST & FREE Delivery Over $45 Order by: Receive it For ZIP Code with FREE Shipping on Orders Over $45 Shipping to another address? ZIP Code (must be 5 numbers) Some restrictions apply. See our complete shipping policy . Find In A Store Near You
immune-zoom-lemon-ginger-tea,Immune Zoom® Lemon Ginger Echinacea Tea,1,How to Enjoy,Pour 8 oz. freshly boiled water over 1 tea bag. Cover & Steep for 10-15 min. Squeeze & REMOVE tea bag to ensure maximum goodness. Enjoy 2 cups per day. Especially good with honey.
immune-zoom-lemon-ginger-tea,Immune Zoom® Lemon Ginger Echinacea Tea,2,How Fast Will I Get My Order?,How FAST will I receive my order? The ZIP Code you entered was not found. Please try again. FAST & FREE Delivery Over $45 Order by: Receive it For ZIP Code with FREE Shipping on Orders Over $45 Shipping to another address? ZIP Code (must be 5 numbers) Some restrictions apply. See our complete shipping policy . Find In A Store Near You
stress-ease-tension-relief-tea,Stress Ease® Tension Relief Tea,1,How do nervines work?,"Nervines are herbs that support the nervous system. Nervine tonics gently soothe and support the nervous system, while nervine relaxants are often aromatic herbs that relax and relieve tension in the body.* Herbalists recommend gentle nervine tonics and nervine relaxants for everyday use.*"
stress-ease-tension-relief-tea,Stress Ease® Tension Relief Tea,2,How can I best use Stress Ease® Tension Relief to get the benefits?,"This tea relaxes and untangles tension in the mind and body with the first cup.* After 2-3 weeks of regular consumption, this tea supports recovery from stress and builds strength and resilience in the nervous system.*"
stress-ease-tension-relief-tea,Stress Ease® Tension Relief Tea,3,What is the difference between Stress Ease® Focus and Stress Ease® Tension Relief?,"Stress Ease® Tension Relief uses the nervine herb skullcap ( Scutellaria lateriflora ) to roll back some of the symptoms of occasional stress, such as tension, irritability, and worry, or just that feeling of being “on edge”.* Stress Ease® Focus, on the other hand, supports cognitive function, and helps maintain energy in the mind and body during stressful times. Both benefits build over time thanks to adaptogen ingredients Asian ginseng root ( Panax ginseng ) and eleuthero root ( Eleutherococcus senticosus ).* The names say it all: Stress Ease® Tension relief provides relief, so you feel more relaxed; Stress Ease® Focus helps you rise to the occasion and perform at your best."
stress-ease-tension-relief-tea,Stress Ease® Tension Relief Tea,4,What is the difference between Stress Ease® Immune and Stress Ease® Tension Relief?,"We all experience the effects of occasional stress in different ways. Stress Ease® Tension Relief, which features the nervine herb skullcap ( Scutellaria lateriflora ), helps to roll back some of the symptoms of occasional stress, such as tension, irritability, and worry, or just that feeling of being “on edge”.* Stress Ease® Immune, on the other hand, helps maintain the health and function of your immune system, while also supporting steady energy levels, whether you’re hard at work or experiencing that occasional stress.* Stress Ease® Immune doesn’t provide a relaxing effect the way Stress Ease® Tension relief does, featuring instead adaptogenic reishi mushroom ( Ganoderma lucidum ) with its particular affinity for healthy immune function, traditional immune tonic astragalus root ( Astragalus membranaceus ) and eleuthero root ( Eleutherococcus senticosus ) which provides balanced energy levels support.* If resilience for mind, body, and immunity are what you seek, Stress Ease® Immune is our premier tonic for daily use.* Taken regularly, it helps you withstand all the challenges that come from occasional stress: low energy and just feeling run down.*"
stress-ease-tension-relief-tea,Stress Ease® Tension Relief Tea,5,How to Enjoy,Pour 8 oz. freshly boiled water over 1 tea bag. Cover & Steep for 10-15 min. Squeeze tea bag to ensure maximum goodness. Enjoy 3 cups per day.
stress-ease-tension-relief-tea,Stress Ease® Tension Relief Tea,6,How Fast Will I Get My Order?,How FAST will I receive my order? The ZIP Code you entered was not found. Please try again. FAST & FREE Delivery Over $45 Order by: Receive it For ZIP Code with FREE Shipping on Orders Over $45 Shipping to another address? ZIP Code (must be 5 numbers) Some restrictions apply. See our complete shipping policy . Find In A Store Near You
stress-ease-immune-tea,Stress Ease® Immune Tea,1,How to Enjoy,Pour 8 oz. freshly boiled water over 1 tea bag. Cover & Steep for 10-15 min. Squeeze tea bag to ensure maximum goodness. Enjoy up to 3 cups per day.
stress-ease-immune-tea,Stress Ease® Immune Tea,2,How Fast Will I Get My Order?,How FAST will I receive my order? The ZIP Code you entered was not found. Please try again. FAST & FREE Delivery Over $45 Order by: Receive it For ZIP Code with FREE Shipping on Orders Over $45 Shipping to another address? ZIP Code (must be 5 numbers) Some restrictions apply. See our complete shipping policy . Find In A Store Near You
smooth-move-chamomile-tea,Smooth Move® Chamomile Tea,1,What are the benefits of senna?,"Senna leaf (Cassia angustifolia, Senna alexandrina Mill.) works by gently stimulating your intestines to help you produce a bowel movement and relieve occasional constipation.*"
smooth-move-chamomile-tea,Smooth Move® Chamomile Tea,2,Can I drink senna tea everyday?,"Not quite. Our Organic Smooth Move products are intended for occasional support and should be used for less than one week at a time, unless otherwise directed by a physician. Concerns with long-term usage of senna products, include tolerance and dependence, meaning you may need more senna for the same effect and may become dependent on senna for peristalsis. That said, we encourage individuals to consult their healthcare practitioner for personalized consumption recommendations depending on their unique health history."
smooth-move-chamomile-tea,Smooth Move® Chamomile Tea,3,How quickly does senna tea work?,"Organic Smooth Move tea works best when taken at bedtime, as it generally produces a bowel movement within 6-12 hours."
smooth-move-chamomile-tea,Smooth Move® Chamomile Tea,4,"What is the difference between Smooth Move, Smooth Move Peppermint, and Smooth Move Chamomile teas?","Each of our Organic Smooth Move teas contains the same amount of organic senna to relieve occasional constipation but are formulated with different supporting herbal ingredients, such as peppermint in our Organic Smooth Move Peppermint tea may provide additional cramping relief and the chamomile in our Organic Smooth Move Chamomile for an added calming effect.*"
smooth-move-chamomile-tea,Smooth Move® Chamomile Tea,5,How to Enjoy,"Pour 8 oz. freshly boiled water over 1 tea bag. Cover & Steep for 10-15 min. Squeeze tea bag to ensure maximum goodness. Enjoy 1 cup per day, preferably at bedtime."
smooth-move-chamomile-tea,Smooth Move® Chamomile Tea,6,How Fast Will I Get My Order?,How FAST will I receive my order? The ZIP Code you entered was not found. Please try again. FAST & FREE Delivery Over $45 Order by: Receive it For ZIP Code with FREE Shipping on Orders Over $45 Shipping to another address? ZIP Code (must be 5 numbers) Some restrictions apply. See our complete shipping policy . Find In A Store Near You
mothers-milk-tea,Mother's Milk® Tea,1,What are the benefits of Mother's Milk tea?,Our Mother’s Milk tea promotes breast milk production for nursing mothers.*
mothers-milk-tea,Mother's Milk® Tea,2,How often can I drink Mother's Milk tea?,"Drink 1-3 cups per day to support healthy lactation.* That said, it’s always a great idea to consult your lactation consultant or healthcare practitioner for personalized recommendations. For additional consumption information, check out the side panel of your tea box or the Supplement Facts card on this page."
mothers-milk-tea,Mother's Milk® Tea,3,What are the ingredients of Mother's Milk tea?,"Inspired by Traditional European Medicine, our Mother’s Milk tea is formulated with herbs such as fennel, anise, coriander, fenugreek, and blessed thistle to create a breastfeeding tea that helps promote lactation.*"
mothers-milk-tea,Mother's Milk® Tea,4,When is the best time to drink Mother's Milk tea?,Our Mother’s Milk tea is formulated for use after the baby arrives and can be enjoyed anytime during the day.
mothers-milk-tea,Mother's Milk® Tea,5,How to Enjoy,Pour 8 oz. freshly boiled water over 1 tea bag. Cover & Steep for 10-15 min. Squeeze tea bag to ensure maximum goodness. Enjoy 3-5 cups per day. Good with honey!
mothers-milk-tea,Mother's Milk® Tea,6,How Fast Will I Get My Order?,How FAST will I receive my order? The ZIP Code you entered was not found. Please try again. FAST & FREE Delivery Over $45 Order by: Receive it For ZIP Code with FREE Shipping on Orders Over $45 Shipping to another address? ZIP Code (must be 5 numbers) Some restrictions apply. See our complete shipping policy . Find In A Store Near You
pregnancy-tea,Pregnancy® Tea,1,How to Enjoy,Pour 8 oz. freshly boiled water over 1 tea bag. Cover & Steep for 10-15 min. Squeeze tea bag to ensure maximum goodness. Enjoy 3 cups per day.
pregnancy-tea,Pregnancy® Tea,2,How Fast Will I Get My Order?,How FAST will I receive my order? The ZIP Code you entered was not found. Please try again. FAST & FREE Delivery Over $45 Order by: Receive it For ZIP Code with FREE Shipping on Orders Over $45 Shipping to another address? ZIP Code (must be 5 numbers) Some restrictions apply. See our complete shipping policy . Find In A Store Near You
turmeric-with-meadowsweet-ginger-tea,Turmeric & Ginger with Meadowsweet Tea,1,How to Enjoy,Pour 8 oz. freshly boiled water over 1 tea bag. Cover & Steep for 10-15 min. Squeeze tea bag to ensure maximum goodness. Enjoy 3 cups per day.
turmeric-with-meadowsweet-ginger-tea,Turmeric & Ginger with Meadowsweet Tea,2,How Fast Will I Get My Order?,How FAST will I receive my order? The ZIP Code you entered was not found. Please try again. FAST & FREE Delivery Over $45 Order by: Receive it For ZIP Code with FREE Shipping on Orders Over $45 Shipping to another address? ZIP Code (must be 5 numbers) Some restrictions apply. See our complete shipping policy . Find In A Store Near You
