handle,product_name,herb_position,herb_name,herb_latin_name,herb_common_name,herb_family_name,herb_parts_used,herb_actions,herb_benefits,herb_description,herb_image_url
rosy-mood-tea,Rosy Mood™ Tea,1,Damiana,Turnera diffusa,Damiana,Passifloraceae,leaves,"Nervine, aphrodisiac, mood enhancer",Stress Relief; Mood Support; Libido Support,"Long revered for its uplifting spirit, Damiana is a cherished herb known to spark passion, soothe the senses, and inspire a brighter mood while supporting a calm and centered mindset.*",https://www.traditionalmedicinals.com/cdn/shop/articles/Damiana-4_8f4e82da-f2b1-4439-a96f-3909fa56aa49_920x1120_crop_center.jpg?v=1784232043
rosy-mood-tea,Rosy Mood™ Tea,2,Butterfly Pea flower,Clitoria ternatea,Butterfly Pea,Fabaceae,Flowers,Colorant,Adds color to your cup,Butterfly Pea is traditionally used in Southeast Asian cuisine and valued for its naturally vibrant hue.,https://www.traditionalmedicinals.com/cdn/shop/articles/Butterfly-pea-flower-5_e2332902-6d15-4ce8-8530-44c3a278bda2_920x1120_crop_center.jpg?v=1784234466
rosy-mood-tea,Rosy Mood™ Tea,3,Rose flower,Species of the genus Rosa,Rose,,Flowers and Petals,Nervine relaxant,Mood Support,"Beloved for their timeless beauty and delicate scent, rose flowers are also traditionally used to support emotional balance.*",https://www.traditionalmedicinals.com/cdn/shop/articles/rose-1_4576002f-65ac-43dd-ac4c-ee6ce1d672a8_920x1120_crop_center.jpg?v=1784232270
stress-ease-calm-tea,Stress Ease® Calm Tea,1,Ashwagandha,Withania somnifera,Ashwagandha,Solanaceae,Roots,"Adaptogen, nervous system tonic, relaxant, endurance aid, reproductive tonic",Stress Relief; Endurance; Sleep Support,"Ashwagandha has been revered in Ayurvedic medicine for thousands of years as a powerful tonic for the body and mind. This calming adaptogen has been traditionally used to enhance vitality, bolster resilience to stress, and support restful sleep.*",https://www.traditionalmedicinals.com/cdn/shop/articles/Ashwagandha1_834fb068-4485-47b1-b749-822ff049bfb2_920x1120_crop_center.jpg?v=1784239081
stress-ease-calm-tea,Stress Ease® Calm Tea,2,Honeybush,Cyclopia species,Honeybush,Fabaceae,Aerial Parts,General Wellness,Caffeine-free beverage + tea or coffee substitute,"Honeybush is a mildly sweet, caffeine-free herb from South Africa, cherished for both its smooth, honey-like flavor and its wellness-supporting properties.*",https://www.traditionalmedicinals.com/cdn/shop/articles/Honeybush-4_7f2f3925-116a-4d4c-8baa-92742046bd42_920x1120_crop_center.jpg?v=1784239185
lemon-balm-tea,Lemon Balm Tea,1,Lemon Balm,Melissa officinalis,Lemon Balm,Lamiaceae,Leaf,"Carminative, Nervine, Antispasmodic, Diaphoretic, Hepatic",Relaxation; Digestion; Good Mood,Lemon balm supports digestion and helps calm frazzled nerves.*,https://www.traditionalmedicinals.com/cdn/shop/articles/HerbalLibrary_Hero_LemonBalm_1400x1400_6f494e57-5d64-4da6-a39d-9b54cc00621b_920x1120_crop_center.jpg?v=1784234964
nighty-night-extra-tea,Nighty Night Extra® Tea,1,Valerian,Valeriana officinalis,Valerian,Caprifoliaceae,Root,"Sedative, Carminative, Relaxant, Hypnotic, Nervine, Antispasmodic",Sleep; Relaxation,Valerian root is a time-tested herbal calming agent that can ease occasional sleepless nights and soothing the nervous system.*,https://www.traditionalmedicinals.com/cdn/shop/articles/HerbalLibrary_Hero_Valerian_1400x1400_152fa633-7e38-493b-ad0e-72e7c42249ee_920x1120_crop_center.jpg?v=1784234938
nighty-night-extra-tea,Nighty Night Extra® Tea,2,Passionflower,Passiflora incarnata,Passionflower,Passifloraceae,"Flower, Leaf, Stem","Nervine, Sedative",Sleep; Relaxation; Stress Relief,"Passionflower benefits the mind and body as it soothes the nerves, promotes relaxation and rest, and helps ease occasional worry.*",https://www.traditionalmedicinals.com/cdn/shop/articles/HerbalLibrary_Hero_PassionFlower_1400x1400_0703ec02-31a3-4688-97ac-da544e4e62f1_920x1120_crop_center.jpg?v=1784235127
nighty-night-extra-tea,Nighty Night Extra® Tea,3,Lemon Balm,Melissa officinalis,Lemon Balm,Lamiaceae,Leaf,"Carminative, Nervine, Antispasmodic, Diaphoretic, Hepatic",Relaxation; Digestion; Good Mood,Lemon balm supports digestion and helps calm frazzled nerves.*,https://www.traditionalmedicinals.com/cdn/shop/articles/HerbalLibrary_Hero_LemonBalm_1400x1400_6f494e57-5d64-4da6-a39d-9b54cc00621b_920x1120_crop_center.jpg?v=1784234964
nighty-night-extra-tea,Nighty Night Extra® Tea,4,Licorice,Glycyrrhiza glabra,Licorice,Fabaceae,"Root, Rhizome",Demulcent,Digestive; Respiratory; Throat Health,"More than a sweet treat, licorice root is traditionally used in herbal medicine for soothing digestion and supporting respiratory health.*",https://www.traditionalmedicinals.com/cdn/shop/articles/HerbalLibrary_Hero_Licoriceroot_1400x1400_ff361d1b-d253-4576-81ae-f771016bbab5_920x1120_crop_center.jpg?v=1784234088
nighty-night-extra-tea,Nighty Night Extra® Tea,5,Peppermint,Mentha x piperita,Peppermint,Lamiaceae,Leaf,"Carminative, Nervine, Antispasmodic",Digestion,"As one of the most commonly known herbs, peppermint is like a breath of fresh air with its refreshing aroma and soothing health benefit in aiding digestion.*",https://www.traditionalmedicinals.com/cdn/shop/articles/HerbalLibrary_Hero_Peppermint_1400x1400_17e2adf7-75e0-40a5-b913-7bd53c5ebc3e_920x1120_crop_center.jpg?v=1784235234
dandelion-leaf-root-tea,Dandelion Leaf & Root Tea,1,Dandelion,Taraxacum officinale,Dandelion,Asteraceae,"Leaf, Root","Alterative, Diuretic, Hepatic, Cholagogue, Digestive Tonic, Bitter",Detox; Digestion; Water Retention,The uses of dandelion span from wild food to trusted herbal ally to gently support the body’s natural detoxification process.*,https://www.traditionalmedicinals.com/cdn/shop/articles/HerbalLibrary_Hero_Dandelion_1400x1400_667f66fd-e8b7-4c6f-afeb-3f2db752a36d_920x1120_crop_center.jpg?v=1784237224
nettle-leaf-tea,Nettle Leaf Tea,1,Nettle,Urtica dioica,Nettle,Urticaceae,"Leaf, Root","Astringent, Diuretic, Nutritive Tonic",Detox; Joint Health; Water Retention; Women’s Cycle,"An herbalist favorite, nettle is used to support the kidneys and joints.*",https://www.traditionalmedicinals.com/cdn/shop/articles/HerbalLibrary_Hero_Nettle_1400x1400_c182b159-cbf5-4578-8969-2098ce3f8a93_920x1120_crop_center.jpg?v=1784234829
throat-coat-tea,Throat Coat® Tea,1,Licorice,Glycyrrhiza glabra,Licorice,Fabaceae,"Root, Rhizome",Demulcent,Digestive; Respiratory; Throat Health,"More than a sweet treat, licorice root is traditionally used in herbal medicine for soothing digestion and supporting respiratory health.*",https://www.traditionalmedicinals.com/cdn/shop/articles/HerbalLibrary_Hero_Licoriceroot_1400x1400_ff361d1b-d253-4576-81ae-f771016bbab5_920x1120_crop_center.jpg?v=1784234088
throat-coat-tea,Throat Coat® Tea,2,Slippery Elm,Ulmus rubra,Gray Elm,Ulmaceae,Inner bark,"Demulcent, Astringent, Nutritive Tonic",Seasonal Care,"Slippery elm is a nutritive and mucilaginous botanical that’s commonly used to soothe and lubricate tissues in the digestive tract, and support throat health.*",https://www.traditionalmedicinals.com/cdn/shop/articles/HerbalLibrary_Gallery_SlipperyElm_2_1400x1400_Steven_Foster_Web_Use_Only_59600d07-865a-4bec-b4db-a07dc0f7e285_920x1120_crop_center.jpg?v=1784235601
chamomile-with-lavender-tea,Chamomile & Lavender Tea,1,Lavender,"Lavandula spp., Lavandula angustifolia",Lavender,Lamiaceae,Flower,"Antispasmodic, Carminative, Nervine Carminative, Nervine",Digestion; Relaxation; Stress Relief,"Lavender has a wide range of wellness benefits like settling the nervous system, easing occasional stress, and relaxing the digestive system.*",https://www.traditionalmedicinals.com/cdn/shop/articles/HerbalLibrary_Hero_Lavender_1400x1400_0ddf5399-5c54-42e7-bb69-e44335487cd9_920x1120_crop_center.jpg?v=1784235006
chamomile-with-lavender-tea,Chamomile & Lavender Tea,2,Chamomile,Matricaria chamomilla,Chamomile,Asteraceae,Flower,"Antispasmodic, Bitter, Carminative, Nervine",Relaxation; Stress Relief; Sleep; Digestion,"Utilized in many households to comfort bellies and induce relaxation, a simple cup of chamomile tea may be one of the most common staples of herbalism.*",https://www.traditionalmedicinals.com/cdn/shop/articles/HerbalLibrary_Hero_chamomile_1400x1400_499bea1f-023a-41be-891a-aee3a072565f_920x1120_crop_center.jpg?v=1779213168
chamomile-with-lavender-tea,Chamomile & Lavender Tea,3,Lemon Balm,Melissa officinalis,Lemon Balm,Lamiaceae,Leaf,"Carminative, Nervine, Antispasmodic, Diaphoretic, Hepatic",Relaxation; Digestion; Good Mood,Lemon balm supports digestion and helps calm frazzled nerves.*,https://www.traditionalmedicinals.com/cdn/shop/articles/HerbalLibrary_Hero_LemonBalm_1400x1400_6f494e57-5d64-4da6-a39d-9b54cc00621b_920x1120_crop_center.jpg?v=1784234964
hawthorn-with-hibiscus-tea,Hawthorn & Hibiscus Tea,1,Hawthorn,Crataegus spp.,Haw,Rosaceae,"Flower, Fruit","Cardiotonic, diuretic, astringent",Heart Health,"Hawthorn’s leaves, flowers and crimson berries have been used for centuries to support the cardiovascular system and are one of the most popular herbs for heart health across Europe.*",https://www.traditionalmedicinals.com/cdn/shopifycloud/storefront/assets/no-image-2048-a2addb12_920x1120_crop_center.gif
hawthorn-with-hibiscus-tea,Hawthorn & Hibiscus Tea,2,Hibiscus,Hibiscus sabdariffa,Hibiscus,Malvaceae,Calyces,"Demulcent, Emollient, Aromatic, Cooling, Cardio Tonic, Diuretic",Heart Health; Water Retention,Folks appreciate hibiscus as a refreshing way to enjoy cardiovascular and diuretic support.*,https://www.traditionalmedicinals.com/cdn/shop/articles/HerbalLibrary_Hero_Hibiscus_1400x1400_db773bf4-dcd9-420c-86a6-9db77116b5dd_920x1120_crop_center.jpg?v=1784235144
breathe-easy-tea,Breathe Easy® Tea,1,Licorice,Glycyrrhiza glabra,Licorice,Fabaceae,"Root, Rhizome",Demulcent,Digestive; Respiratory; Throat Health,"More than a sweet treat, licorice root is traditionally used in herbal medicine for soothing digestion and supporting respiratory health.*",https://www.traditionalmedicinals.com/cdn/shop/articles/HerbalLibrary_Hero_Licoriceroot_1400x1400_ff361d1b-d253-4576-81ae-f771016bbab5_920x1120_crop_center.jpg?v=1784234088
breathe-easy-tea,Breathe Easy® Tea,2,Eucalyptus,Eucalyptus globulus,Southern Blue Gum,Myrtaceae,Leaf,"Antispasmodic, Decongestant",Immunity; Respiratory; Seasonal Care; ,Eucalyptus leaves have been used to breathe in benefits supporting the respiratory tract for generations*,https://www.traditionalmedicinals.com/cdn/shop/articles/HerbalLibrary_Hero_Eucalyptus_1400x1400_496a1aed-e0fd-47f4-874e-3a9cc6b6dae4_920x1120_crop_center.jpg?v=1784232423
breathe-easy-tea,Breathe Easy® Tea,3,Peppermint,Mentha x piperita,Peppermint,Lamiaceae,Leaf,"Carminative, Nervine, Antispasmodic",Digestion,"As one of the most commonly known herbs, peppermint is like a breath of fresh air with its refreshing aroma and soothing health benefit in aiding digestion.*",https://www.traditionalmedicinals.com/cdn/shop/articles/HerbalLibrary_Hero_Peppermint_1400x1400_17e2adf7-75e0-40a5-b913-7bd53c5ebc3e_920x1120_crop_center.jpg?v=1784235234
breathe-easy-tea,Breathe Easy® Tea,4,Ginger,Zingiber officinale,Ginger,Zingiberaceae,Rhizome,"Stimulant, Carminative, Antispasmodic, Diaphoretic",Digestion; Nausea; Pre & Postnatal; Seasonal Care,"Herbal practitioners have used ginger’s rhizome to help with digestion, upset stomach, and nausea for more than 2,000 years.*",https://www.traditionalmedicinals.com/cdn/shop/articles/HerbalLibrary_Hero_Ginger_1400x1400_84688272-0ae4-46d1-b9e9-50021bc3bd16_920x1120_crop_center.jpg?v=1784233076
cup-of-calm-tea,Cup of Calm® Tea,1,Chamomile,Matricaria chamomilla,Chamomile,Asteraceae,Flower,"Antispasmodic, Bitter, Carminative, Nervine",Relaxation; Stress Relief; Sleep; Digestion,"Utilized in many households to comfort bellies and induce relaxation, a simple cup of chamomile tea may be one of the most common staples of herbalism.*",https://www.traditionalmedicinals.com/cdn/shop/articles/HerbalLibrary_Hero_chamomile_1400x1400_499bea1f-023a-41be-891a-aee3a072565f_920x1120_crop_center.jpg?v=1779213168
cup-of-calm-tea,Cup of Calm® Tea,2,Passionflower,Passiflora incarnata,Passionflower,Passifloraceae,"Flower, Leaf, Stem","Nervine, Sedative",Sleep; Relaxation; Stress Relief,"Passionflower benefits the mind and body as it soothes the nerves, promotes relaxation and rest, and helps ease occasional worry.*",https://www.traditionalmedicinals.com/cdn/shop/articles/HerbalLibrary_Hero_PassionFlower_1400x1400_0703ec02-31a3-4688-97ac-da544e4e62f1_920x1120_crop_center.jpg?v=1784235127
cup-of-calm-tea,Cup of Calm® Tea,3,Lavender,"Lavandula spp., Lavandula angustifolia",Lavender,Lamiaceae,Flower,"Antispasmodic, Carminative, Nervine Carminative, Nervine",Digestion; Relaxation; Stress Relief,"Lavender has a wide range of wellness benefits like settling the nervous system, easing occasional stress, and relaxing the digestive system.*",https://www.traditionalmedicinals.com/cdn/shop/articles/HerbalLibrary_Hero_Lavender_1400x1400_0ddf5399-5c54-42e7-bb69-e44335487cd9_920x1120_crop_center.jpg?v=1784235006
cup-of-calm-tea,Cup of Calm® Tea,4,Peppermint,Mentha x piperita,Peppermint,Lamiaceae,Leaf,"Carminative, Nervine, Antispasmodic",Digestion,"As one of the most commonly known herbs, peppermint is like a breath of fresh air with its refreshing aroma and soothing health benefit in aiding digestion.*",https://www.traditionalmedicinals.com/cdn/shop/articles/HerbalLibrary_Hero_Peppermint_1400x1400_17e2adf7-75e0-40a5-b913-7bd53c5ebc3e_920x1120_crop_center.jpg?v=1784235234
cup-of-calm-tea,Cup of Calm® Tea,5,Catnip,Nepeta cataria,Catmint,Lamiaceae,"Leaf, Flower","Nervine, carminative, antispasmodic, diaphoretic",Stress Relief; Sleep,Catnip is a calming and comforting herb that can help ease nervous tension and promote restful sleep.*,https://www.traditionalmedicinals.com/cdn/shop/articles/HerbalLibrary_Hero_catnip_1400x1400_079e397c-20c6-4e18-af18-660f6f1af0d9_920x1120_crop_center.jpg?v=1784235486
cup-of-calm-tea,Cup of Calm® Tea,6,Spearmint,Mentha spicata,Garden Mint,Lamiaceae,Leaf,,,"“Spearmint vs peppermint?” While peppermint has a sharp bite, we use spearmint to pep up a blend’s taste and benefits—perfectly sweet without an overpoweringly minty flavor.",https://www.traditionalmedicinals.com/cdn/shop/articles/HerbalLibrary_Hero_Spearmint_1400x1400_84f015cc-276e-4fd5-b050-d9d363e102ea_920x1120_crop_center.jpg?v=1779303990
cup-of-calm-tea,Cup of Calm® Tea,7,Licorice,Glycyrrhiza glabra,Licorice,Fabaceae,"Root, Rhizome",Demulcent,Digestive; Respiratory; Throat Health,"More than a sweet treat, licorice root is traditionally used in herbal medicine for soothing digestion and supporting respiratory health.*",https://www.traditionalmedicinals.com/cdn/shop/articles/HerbalLibrary_Hero_Licoriceroot_1400x1400_ff361d1b-d253-4576-81ae-f771016bbab5_920x1120_crop_center.jpg?v=1784234088
peppermint-tea,Peppermint Tea,1,Peppermint,Mentha x piperita,Peppermint,Lamiaceae,Leaf,"Carminative, Nervine, Antispasmodic",Digestion,"As one of the most commonly known herbs, peppermint is like a breath of fresh air with its refreshing aroma and soothing health benefit in aiding digestion.*",https://www.traditionalmedicinals.com/cdn/shop/articles/HerbalLibrary_Hero_Peppermint_1400x1400_17e2adf7-75e0-40a5-b913-7bd53c5ebc3e_920x1120_crop_center.jpg?v=1784235234
echinacea-plus-elderberry-tea,Echinacea Plus® Elderberry Tea,1,Echinacea,"Echinacea purpurea, E. angustifolia",Echinacea,Asteraceae,"Leaf, Flower, Root","Immune stimulant, Alterative",Immunity; Seasonal Care,"Utilized by Native American peoples as an all-purpose herb for generations, echinacea is added for its contribution to immune support.*",https://www.traditionalmedicinals.com/cdn/shop/articles/HerbalLibrary_Hero_Echinacea_1400x1400_30baf8a7-9460-453e-ab46-4a3e32a52e99_920x1120_crop_center.jpg?v=1784235178
echinacea-plus-elderberry-tea,Echinacea Plus® Elderberry Tea,2,Elder,Sambucus nigra,European Elder,Viburnaceae,"Flower, Fruit","Diaphoretic, Immune Tonic",Immunity; Seasonal Care,Elder notably appears in seasonal formulas supporting immune health.*,https://www.traditionalmedicinals.com/cdn/shop/articles/HerbalLibrary_Hero_Elder_1400x1400_c346e607-e312-409f-891b-bbb7dd3a3f43_920x1120_crop_center.jpg?v=1784234653
echinacea-plus-elderberry-tea,Echinacea Plus® Elderberry Tea,3,Ginger,Zingiber officinale,Ginger,Zingiberaceae,Rhizome,"Stimulant, Carminative, Antispasmodic, Diaphoretic",Digestion; Nausea; Pre & Postnatal; Seasonal Care,"Herbal practitioners have used ginger’s rhizome to help with digestion, upset stomach, and nausea for more than 2,000 years.*",https://www.traditionalmedicinals.com/cdn/shop/articles/HerbalLibrary_Hero_Ginger_1400x1400_84688272-0ae4-46d1-b9e9-50021bc3bd16_920x1120_crop_center.jpg?v=1784233076
echinacea-plus-elderberry-tea,Echinacea Plus® Elderberry Tea,4,Chamomile,Matricaria chamomilla,Chamomile,Asteraceae,Flower,"Antispasmodic, Bitter, Carminative, Nervine",Relaxation; Stress Relief; Sleep; Digestion,"Utilized in many households to comfort bellies and induce relaxation, a simple cup of chamomile tea may be one of the most common staples of herbalism.*",https://www.traditionalmedicinals.com/cdn/shop/articles/HerbalLibrary_Hero_chamomile_1400x1400_499bea1f-023a-41be-891a-aee3a072565f_920x1120_crop_center.jpg?v=1779213168
echinacea-plus-elderberry-tea,Echinacea Plus® Elderberry Tea,5,Peppermint,Mentha x piperita,Peppermint,Lamiaceae,Leaf,"Carminative, Nervine, Antispasmodic",Digestion,"As one of the most commonly known herbs, peppermint is like a breath of fresh air with its refreshing aroma and soothing health benefit in aiding digestion.*",https://www.traditionalmedicinals.com/cdn/shop/articles/HerbalLibrary_Hero_Peppermint_1400x1400_17e2adf7-75e0-40a5-b913-7bd53c5ebc3e_920x1120_crop_center.jpg?v=1784235234
spearmint-tea,Spearmint Tea,1,Spearmint,Mentha spicata,Garden Mint,Lamiaceae,Leaf,,,"“Spearmint vs peppermint?” While peppermint has a sharp bite, we use spearmint to pep up a blend’s taste and benefits—perfectly sweet without an overpoweringly minty flavor.",https://www.traditionalmedicinals.com/cdn/shop/articles/HerbalLibrary_Hero_Spearmint_1400x1400_84f015cc-276e-4fd5-b050-d9d363e102ea_920x1120_crop_center.jpg?v=1779303990
hibiscus-tea,Hibiscus Tea,1,Hibiscus,Hibiscus sabdariffa,Hibiscus,Malvaceae,Calyces,"Demulcent, Emollient, Aromatic, Cooling, Cardio Tonic, Diuretic",Heart Health; Water Retention,Folks appreciate hibiscus as a refreshing way to enjoy cardiovascular and diuretic support.*,https://www.traditionalmedicinals.com/cdn/shop/articles/HerbalLibrary_Hero_Hibiscus_1400x1400_db773bf4-dcd9-420c-86a6-9db77116b5dd_920x1120_crop_center.jpg?v=1784235144
hibiscus-tea,Hibiscus Tea,2,Lemongrass,Cymbopogon citratus,Barbed wire grass,Poaceae,"Leaf, whole young shoots","Antispasmodic, diaphoretic, nervine",Stress Relief; Digestion,"Lemongrass is a hardy grass that’s adored for its citrusy scent, lemony taste, and golden hue when steeped as a tea.*",https://www.traditionalmedicinals.com/cdn/shop/articles/HerbalLibrary_Hero_lemongrass_1400x1400_0e59ce5e-9faf-4de2-8db7-702a651cb4f1_920x1120_crop_center.jpg?v=1784234571
ginger-tea,Ginger Tea,1,Ginger,Zingiber officinale,Ginger,Zingiberaceae,Rhizome,"Stimulant, Carminative, Antispasmodic, Diaphoretic",Digestion; Nausea; Pre & Postnatal; Seasonal Care,"Herbal practitioners have used ginger’s rhizome to help with digestion, upset stomach, and nausea for more than 2,000 years.*",https://www.traditionalmedicinals.com/cdn/shop/articles/HerbalLibrary_Hero_Ginger_1400x1400_84688272-0ae4-46d1-b9e9-50021bc3bd16_920x1120_crop_center.jpg?v=1784233076
roasted-dandelion-root-tea,Roasted Dandelion Root Tea,1,Dandelion,Taraxacum officinale,Dandelion,Asteraceae,"Leaf, Root","Alterative, Diuretic, Hepatic, Cholagogue, Digestive Tonic, Bitter",Detox; Digestion; Water Retention,The uses of dandelion span from wild food to trusted herbal ally to gently support the body’s natural detoxification process.*,https://www.traditionalmedicinals.com/cdn/shop/articles/HerbalLibrary_Hero_Dandelion_1400x1400_667f66fd-e8b7-4c6f-afeb-3f2db752a36d_920x1120_crop_center.jpg?v=1784237224
smooth-move-tea,Smooth Move® Tea,1,Senna,Senna alexandrina,Senna,Fabaceae,"Leaf, Pod",Stimulant laxative,Laxative; Digestion,Need to get things moving? Senna is used for just that. This herbal laxative is an herbaceous way to relieve occasional constipation.*,https://www.traditionalmedicinals.com/cdn/shop/articles/HerbalLibrary_Hero_Senna_1400x1400_77c545a0-1a18-4385-955f-2d8658cfc75c_920x1120_crop_center.jpg?v=1784235249
smooth-move-tea,Smooth Move® Tea,2,Licorice,Glycyrrhiza glabra,Licorice,Fabaceae,"Root, Rhizome",Demulcent,Digestive; Respiratory; Throat Health,"More than a sweet treat, licorice root is traditionally used in herbal medicine for soothing digestion and supporting respiratory health.*",https://www.traditionalmedicinals.com/cdn/shop/articles/HerbalLibrary_Hero_Licoriceroot_1400x1400_ff361d1b-d253-4576-81ae-f771016bbab5_920x1120_crop_center.jpg?v=1784234088
smooth-move-tea,Smooth Move® Tea,3,Ginger,Zingiber officinale,Ginger,Zingiberaceae,Rhizome,"Stimulant, Carminative, Antispasmodic, Diaphoretic",Digestion; Nausea; Pre & Postnatal; Seasonal Care,"Herbal practitioners have used ginger’s rhizome to help with digestion, upset stomach, and nausea for more than 2,000 years.*",https://www.traditionalmedicinals.com/cdn/shop/articles/HerbalLibrary_Hero_Ginger_1400x1400_84688272-0ae4-46d1-b9e9-50021bc3bd16_920x1120_crop_center.jpg?v=1784233076
smooth-move-tea,Smooth Move® Tea,4,Fennel,Foeniculum vulgare,Bitter Fennel,Apiaceae,"Bulb, Fruit (seed), Leaf","Carminative, Galactagogue",Digestion; Pre & Postnatal,"A versatile herb from the kitchen to the apothecary, fennel is traditionally used in herbalism to relieve occasional gas and bloating and support breastmilk production in nursing moms.*",https://www.traditionalmedicinals.com/cdn/shop/articles/HerbalLibrary_Hero_Fennel_1400x1400_3640bfad-6a05-44b4-8076-5b1abab22c4c_920x1120_crop_center.jpg?v=1784235567
chamomile-tea,Chamomile Tea,1,Chamomile,Matricaria chamomilla,Chamomile,Asteraceae,Flower,"Antispasmodic, Bitter, Carminative, Nervine",Relaxation; Stress Relief; Sleep; Digestion,"Utilized in many households to comfort bellies and induce relaxation, a simple cup of chamomile tea may be one of the most common staples of herbalism.*",https://www.traditionalmedicinals.com/cdn/shop/articles/HerbalLibrary_Hero_chamomile_1400x1400_499bea1f-023a-41be-891a-aee3a072565f_920x1120_crop_center.jpg?v=1779213168
raspberry-leaf-tea,Raspberry Leaf Tea,1,Raspberry Leaf,Rubus idaeus,Raspberry Leaf,Rosaceae,Leaf,"Astringent, Nutritive tonic, Uterine Tonic",Women's Cycle; Pre & Postnatal,European and Native American women have been reaching for raspberry leaves for centuries to relieve normal menstrual cramps and prepare the womb for childbirth during pregnancy.*,https://www.traditionalmedicinals.com/cdn/shop/articles/HerbalLibrary_Hero_RaspberryLeaf_1400x1400_7c4d3606-b99e-4984-8886-e96a545fb355_920x1120_crop_center.jpg?v=1784233103
everyday-detox-tea,EveryDay Detox® Hibiscus & Schisandra Berry Tea,1,Schisandra Berry,Schisandra chinensis,Schisandra,Schisandraceae,Fruit,"Astringent, Hepatic, Adaptogen, Urinary Tonic",Detox; Stress Relief,"Traditionally used to support a variety of organs, schisandra is an adaptogenic super fruit used to support overall stamina and vitality.*",https://www.traditionalmedicinals.com/cdn/shop/articles/HerbalLibrary_Hero_SchishandraBerry_1400x1400_91b5204a-85ba-44fc-9f98-3c02634e6b91_920x1120_crop_center.jpg?v=1784234150
everyday-detox-tea,EveryDay Detox® Hibiscus & Schisandra Berry Tea,2,Hibiscus,Hibiscus sabdariffa,Hibiscus,Malvaceae,Calyces,"Demulcent, Emollient, Aromatic, Cooling, Cardio Tonic, Diuretic",Heart Health; Water Retention,Folks appreciate hibiscus as a refreshing way to enjoy cardiovascular and diuretic support.*,https://www.traditionalmedicinals.com/cdn/shop/articles/HerbalLibrary_Hero_Hibiscus_1400x1400_db773bf4-dcd9-420c-86a6-9db77116b5dd_920x1120_crop_center.jpg?v=1784235144
everyday-detox-tea,EveryDay Detox® Hibiscus & Schisandra Berry Tea,3,Nettle,Urtica dioica,Nettle,Urticaceae,"Leaf, Root","Astringent, Diuretic, Nutritive Tonic",Detox; Joint Health; Water Retention; Women’s Cycle,"An herbalist favorite, nettle is used to support the kidneys and joints.*",https://www.traditionalmedicinals.com/cdn/shop/articles/HerbalLibrary_Hero_Nettle_1400x1400_c182b159-cbf5-4578-8969-2098ce3f8a93_920x1120_crop_center.jpg?v=1784234829
everyday-detox-tea,EveryDay Detox® Hibiscus & Schisandra Berry Tea,4,Licorice,Glycyrrhiza glabra,Licorice,Fabaceae,"Root, Rhizome",Demulcent,Digestive; Respiratory; Throat Health,"More than a sweet treat, licorice root is traditionally used in herbal medicine for soothing digestion and supporting respiratory health.*",https://www.traditionalmedicinals.com/cdn/shop/articles/HerbalLibrary_Hero_Licoriceroot_1400x1400_ff361d1b-d253-4576-81ae-f771016bbab5_920x1120_crop_center.jpg?v=1784234088
fennel-tea,Fennel Tea,1,Fennel,Foeniculum vulgare,Bitter Fennel,Apiaceae,"Bulb, Fruit (seed), Leaf","Carminative, Galactagogue",Digestion; Pre & Postnatal,"A versatile herb from the kitchen to the apothecary, fennel is traditionally used in herbalism to relieve occasional gas and bloating and support breastmilk production in nursing moms.*",https://www.traditionalmedicinals.com/cdn/shop/articles/HerbalLibrary_Hero_Fennel_1400x1400_3640bfad-6a05-44b4-8076-5b1abab22c4c_920x1120_crop_center.jpg?v=1784235567
everyday-detox-lemon-tea,EveryDay Detox® Lemon Tea,1,Nettle,Urtica dioica,Nettle,Urticaceae,"Leaf, Root","Astringent, Diuretic, Nutritive Tonic",Detox; Joint Health; Water Retention; Women’s Cycle,"An herbalist favorite, nettle is used to support the kidneys and joints.*",https://www.traditionalmedicinals.com/cdn/shop/articles/HerbalLibrary_Hero_Nettle_1400x1400_c182b159-cbf5-4578-8969-2098ce3f8a93_920x1120_crop_center.jpg?v=1784234829
everyday-detox-lemon-tea,EveryDay Detox® Lemon Tea,2,Dandelion,Taraxacum officinale,Dandelion,Asteraceae,"Leaf, Root","Alterative, Diuretic, Hepatic, Cholagogue, Digestive Tonic, Bitter",Detox; Digestion; Water Retention,The uses of dandelion span from wild food to trusted herbal ally to gently support the body’s natural detoxification process.*,https://www.traditionalmedicinals.com/cdn/shop/articles/HerbalLibrary_Hero_Dandelion_1400x1400_667f66fd-e8b7-4c6f-afeb-3f2db752a36d_920x1120_crop_center.jpg?v=1784237224
everyday-detox-lemon-tea,EveryDay Detox® Lemon Tea,3,Burdock,Articum lappa,Bardana,Asteraceae,"Root, Leaf, Seed","Alterative, bitter, diuretic, hepatic, minor laxative",Digestion; Skin Health; Detox,"Rich with inulin and prebiotic starches, burdock root is used to help support healthy elimination, kidneys, and beautiful, glowing skin.*",https://www.traditionalmedicinals.com/cdn/shop/articles/HerbalLibrary_Hero_burdock_1400x1400_2f7c01fa-a5f6-40f4-8db6-10a224de9956_920x1120_crop_center.jpg?v=1784235454
everyday-detox-lemon-tea,EveryDay Detox® Lemon Tea,4,Lemon myrtle,Backhousia citriodora,Lemon scented myrtle,Myrtaceae,Leaf,none (flavor corrigent),,The fragrant citrus-like qualities of lemon myrtle make it a valuable flavor ingredient in teas and foods.*,https://www.traditionalmedicinals.com/cdn/shop/articles/HerbLibrary_Hero_LemonMyrtle_f31adfc8-adf8-42d1-a368-d012be9d2798_920x1120_crop_center.jpg?v=1784234864
herbal-cold-care-tea,Herbal Cold Care™ Tea,1,Elder,Sambucus nigra,European Elder,Viburnaceae,"Flower, Fruit","Diaphoretic, Immune Tonic",Immunity; Seasonal Care,Elder notably appears in seasonal formulas supporting immune health.*,https://www.traditionalmedicinals.com/cdn/shop/articles/HerbalLibrary_Hero_Elder_1400x1400_c346e607-e312-409f-891b-bbb7dd3a3f43_920x1120_crop_center.jpg?v=1784234653
herbal-cold-care-tea,Herbal Cold Care™ Tea,2,Peppermint,Mentha x piperita,Peppermint,Lamiaceae,Leaf,"Carminative, Nervine, Antispasmodic",Digestion,"As one of the most commonly known herbs, peppermint is like a breath of fresh air with its refreshing aroma and soothing health benefit in aiding digestion.*",https://www.traditionalmedicinals.com/cdn/shop/articles/HerbalLibrary_Hero_Peppermint_1400x1400_17e2adf7-75e0-40a5-b913-7bd53c5ebc3e_920x1120_crop_center.jpg?v=1784235234
herbal-cold-care-tea,Herbal Cold Care™ Tea,3,Ginger,Zingiber officinale,Ginger,Zingiberaceae,Rhizome,"Stimulant, Carminative, Antispasmodic, Diaphoretic",Digestion; Nausea; Pre & Postnatal; Seasonal Care,"Herbal practitioners have used ginger’s rhizome to help with digestion, upset stomach, and nausea for more than 2,000 years.*",https://www.traditionalmedicinals.com/cdn/shop/articles/HerbalLibrary_Hero_Ginger_1400x1400_84688272-0ae4-46d1-b9e9-50021bc3bd16_920x1120_crop_center.jpg?v=1784233076
herbal-cold-care-tea,Herbal Cold Care™ Tea,4,Licorice,Glycyrrhiza glabra,Licorice,Fabaceae,"Root, Rhizome",Demulcent,Digestive; Respiratory; Throat Health,"More than a sweet treat, licorice root is traditionally used in herbal medicine for soothing digestion and supporting respiratory health.*",https://www.traditionalmedicinals.com/cdn/shop/articles/HerbalLibrary_Hero_Licoriceroot_1400x1400_ff361d1b-d253-4576-81ae-f771016bbab5_920x1120_crop_center.jpg?v=1784234088
nighty-night-tea,Nighty Night® Tea,1,Chamomile,Matricaria chamomilla,Chamomile,Asteraceae,Flower,"Antispasmodic, Bitter, Carminative, Nervine",Relaxation; Stress Relief; Sleep; Digestion,"Utilized in many households to comfort bellies and induce relaxation, a simple cup of chamomile tea may be one of the most common staples of herbalism.*",https://www.traditionalmedicinals.com/cdn/shop/articles/HerbalLibrary_Hero_chamomile_1400x1400_499bea1f-023a-41be-891a-aee3a072565f_920x1120_crop_center.jpg?v=1779213168
nighty-night-tea,Nighty Night® Tea,2,Passionflower,Passiflora incarnata,Passionflower,Passifloraceae,"Flower, Leaf, Stem","Nervine, Sedative",Sleep; Relaxation; Stress Relief,"Passionflower benefits the mind and body as it soothes the nerves, promotes relaxation and rest, and helps ease occasional worry.*",https://www.traditionalmedicinals.com/cdn/shop/articles/HerbalLibrary_Hero_PassionFlower_1400x1400_0703ec02-31a3-4688-97ac-da544e4e62f1_920x1120_crop_center.jpg?v=1784235127
nighty-night-tea,Nighty Night® Tea,3,Spearmint,Mentha spicata,Garden Mint,Lamiaceae,Leaf,,,"“Spearmint vs peppermint?” While peppermint has a sharp bite, we use spearmint to pep up a blend’s taste and benefits—perfectly sweet without an overpoweringly minty flavor.",https://www.traditionalmedicinals.com/cdn/shop/articles/HerbalLibrary_Hero_Spearmint_1400x1400_84f015cc-276e-4fd5-b050-d9d363e102ea_920x1120_crop_center.jpg?v=1779303990
nighty-night-tea,Nighty Night® Tea,4,Linden,Tilia spp.,European lime tree,Malvaceae,Flower (with bract),"Antispasmodic, astringent, diaphoretic, diuretic, lung tonic, mild sedative, nervine",Stress Relief; Sleep; Respiratory,"Linden is a bright and refreshing herb commonly used to support and soothe the nerves, digestion, and ease seasonal woes.*",https://www.traditionalmedicinals.com/cdn/shop/articles/HerbalLibrary_Hero_linden_1400x1400_df0306af-c805-499f-afe3-857219f16d67_920x1120_crop_center.jpg?v=1784235612
nighty-night-tea,Nighty Night® Tea,5,Catnip,Nepeta cataria,Catmint,Lamiaceae,"Leaf, Flower","Nervine, carminative, antispasmodic, diaphoretic",Stress Relief; Sleep,Catnip is a calming and comforting herb that can help ease nervous tension and promote restful sleep.*,https://www.traditionalmedicinals.com/cdn/shop/articles/HerbalLibrary_Hero_catnip_1400x1400_079e397c-20c6-4e18-af18-660f6f1af0d9_920x1120_crop_center.jpg?v=1784235486
nighty-night-tea,Nighty Night® Tea,6,Hops,Humulus lupulus,Common hop,Cannabaceae,Strobile (flower cluster),"Nervine, sedative",Stress Relief; Sleep,Hops is a natural sedative and sleep aid that has been used for centuries.*,https://www.traditionalmedicinals.com/cdn/shop/articles/HerbalLibrary_Hero_hops_1400x1400_57240b74-df5e-4479-aac2-b4705b8c02f2_920x1120_crop_center.jpg?v=1784234595
healthy-cycle-tea,Healthy Cycle® Tea,1,Raspberry Leaf,Rubus idaeus,Raspberry Leaf,Rosaceae,Leaf,"Astringent, Nutritive tonic, Uterine Tonic",Women's Cycle; Pre & Postnatal,European and Native American women have been reaching for raspberry leaves for centuries to relieve normal menstrual cramps and prepare the womb for childbirth during pregnancy.*,https://www.traditionalmedicinals.com/cdn/shop/articles/HerbalLibrary_Hero_RaspberryLeaf_1400x1400_7c4d3606-b99e-4984-8886-e96a545fb355_920x1120_crop_center.jpg?v=1784233103
healthy-cycle-tea,Healthy Cycle® Tea,2,Licorice,Glycyrrhiza glabra,Licorice,Fabaceae,"Root, Rhizome",Demulcent,Digestive; Respiratory; Throat Health,"More than a sweet treat, licorice root is traditionally used in herbal medicine for soothing digestion and supporting respiratory health.*",https://www.traditionalmedicinals.com/cdn/shop/articles/HerbalLibrary_Hero_Licoriceroot_1400x1400_ff361d1b-d253-4576-81ae-f771016bbab5_920x1120_crop_center.jpg?v=1784234088
healthy-cycle-tea,Healthy Cycle® Tea,3,Nettle,Urtica dioica,Nettle,Urticaceae,"Leaf, Root","Astringent, Diuretic, Nutritive Tonic",Detox; Joint Health; Water Retention; Women’s Cycle,"An herbalist favorite, nettle is used to support the kidneys and joints.*",https://www.traditionalmedicinals.com/cdn/shop/articles/HerbalLibrary_Hero_Nettle_1400x1400_c182b159-cbf5-4578-8969-2098ce3f8a93_920x1120_crop_center.jpg?v=1784234829
healthy-cycle-tea,Healthy Cycle® Tea,4,Dandelion,Taraxacum officinale,Dandelion,Asteraceae,"Leaf, Root","Alterative, Diuretic, Hepatic, Cholagogue, Digestive Tonic, Bitter",Detox; Digestion; Water Retention,The uses of dandelion span from wild food to trusted herbal ally to gently support the body’s natural detoxification process.*,https://www.traditionalmedicinals.com/cdn/shop/articles/HerbalLibrary_Hero_Dandelion_1400x1400_667f66fd-e8b7-4c6f-afeb-3f2db752a36d_920x1120_crop_center.jpg?v=1784237224
healthy-cycle-tea,Healthy Cycle® Tea,5,Spearmint,Mentha spicata,Garden Mint,Lamiaceae,Leaf,,,"“Spearmint vs peppermint?” While peppermint has a sharp bite, we use spearmint to pep up a blend’s taste and benefits—perfectly sweet without an overpoweringly minty flavor.",https://www.traditionalmedicinals.com/cdn/shop/articles/HerbalLibrary_Hero_Spearmint_1400x1400_84f015cc-276e-4fd5-b050-d9d363e102ea_920x1120_crop_center.jpg?v=1779303990
healthy-cycle-tea,Healthy Cycle® Tea,6,Ginger,Zingiber officinale,Ginger,Zingiberaceae,Rhizome,"Stimulant, Carminative, Antispasmodic, Diaphoretic",Digestion; Nausea; Pre & Postnatal; Seasonal Care,"Herbal practitioners have used ginger’s rhizome to help with digestion, upset stomach, and nausea for more than 2,000 years.*",https://www.traditionalmedicinals.com/cdn/shop/articles/HerbalLibrary_Hero_Ginger_1400x1400_84688272-0ae4-46d1-b9e9-50021bc3bd16_920x1120_crop_center.jpg?v=1784233076
healthy-cycle-tea,Healthy Cycle® Tea,7,Chamomile,Matricaria chamomilla,Chamomile,Asteraceae,Flower,"Antispasmodic, Bitter, Carminative, Nervine",Relaxation; Stress Relief; Sleep; Digestion,"Utilized in many households to comfort bellies and induce relaxation, a simple cup of chamomile tea may be one of the most common staples of herbalism.*",https://www.traditionalmedicinals.com/cdn/shop/articles/HerbalLibrary_Hero_chamomile_1400x1400_499bea1f-023a-41be-891a-aee3a072565f_920x1120_crop_center.jpg?v=1779213168
belly-comfort-peppermint-tea,Belly Comfort® Peppermint Tea,1,Peppermint,Mentha x piperita,Peppermint,Lamiaceae,Leaf,"Carminative, Nervine, Antispasmodic",Digestion,"As one of the most commonly known herbs, peppermint is like a breath of fresh air with its refreshing aroma and soothing health benefit in aiding digestion.*",https://www.traditionalmedicinals.com/cdn/shop/articles/HerbalLibrary_Hero_Peppermint_1400x1400_17e2adf7-75e0-40a5-b913-7bd53c5ebc3e_920x1120_crop_center.jpg?v=1784235234
belly-comfort-peppermint-tea,Belly Comfort® Peppermint Tea,2,Ginger,Zingiber officinale,Ginger,Zingiberaceae,Rhizome,"Stimulant, Carminative, Antispasmodic, Diaphoretic",Digestion; Nausea; Pre & Postnatal; Seasonal Care,"Herbal practitioners have used ginger’s rhizome to help with digestion, upset stomach, and nausea for more than 2,000 years.*",https://www.traditionalmedicinals.com/cdn/shop/articles/HerbalLibrary_Hero_Ginger_1400x1400_84688272-0ae4-46d1-b9e9-50021bc3bd16_920x1120_crop_center.jpg?v=1784233076
belly-comfort-peppermint-tea,Belly Comfort® Peppermint Tea,3,Fennel,Foeniculum vulgare,Bitter Fennel,Apiaceae,"Bulb, Fruit (seed), Leaf","Carminative, Galactagogue",Digestion; Pre & Postnatal,"A versatile herb from the kitchen to the apothecary, fennel is traditionally used in herbalism to relieve occasional gas and bloating and support breastmilk production in nursing moms.*",https://www.traditionalmedicinals.com/cdn/shop/articles/HerbalLibrary_Hero_Fennel_1400x1400_3640bfad-6a05-44b4-8076-5b1abab22c4c_920x1120_crop_center.jpg?v=1784235567
belly-comfort-peppermint-tea,Belly Comfort® Peppermint Tea,4,Rose Hips,"Rosa canina, R. pendulina, and other Rosa spp.",Rose Hips,Rosaceae,Fruit,"Nutritive Tonic, Astringent",,"Used as a food and herb with beneficial properties throughout the world, sweet and tangy rose hip is a lovely botanical for daily wellness.",https://www.traditionalmedicinals.com/cdn/shop/articles/HerbalLibrary_Hero_Rose_Hips_1400x1400_81d4a5a6-5257-4732-b4e4-87735f9ebf1c_920x1120_crop_center.jpg?v=1784233246
cold-care-p-m-tea,Cold Care P.M.® Tea,1,Meadowsweet,Filipendula ulmaria,Meadowsweet,Rosaceae,"Flower, Leaf, Stem","Diaphoretic, Diuretic, Astringent",Seasonal Care; Joint Health; Digestion,"Named for its sweetly fragranced flowers, the herb meadowsweet can support musculoskeletal ease, soothe digestion, and warm up wintertime woes.*",https://www.traditionalmedicinals.com/cdn/shop/articles/HerbalLibrary_Hero_Meadowsweet_1400x1400_1bc2b118-b302-4644-8321-6792e4e2614c_920x1120_crop_center.jpg?v=1784234764
cold-care-p-m-tea,Cold Care P.M.® Tea,2,Linden,Tilia spp.,European lime tree,Malvaceae,Flower (with bract),"Antispasmodic, astringent, diaphoretic, diuretic, lung tonic, mild sedative, nervine",Stress Relief; Sleep; Respiratory,"Linden is a bright and refreshing herb commonly used to support and soothe the nerves, digestion, and ease seasonal woes.*",https://www.traditionalmedicinals.com/cdn/shop/articles/HerbalLibrary_Hero_linden_1400x1400_df0306af-c805-499f-afe3-857219f16d67_920x1120_crop_center.jpg?v=1784235612
cold-care-p-m-tea,Cold Care P.M.® Tea,3,Passionflower,Passiflora incarnata,Passionflower,Passifloraceae,"Flower, Leaf, Stem","Nervine, Sedative",Sleep; Relaxation; Stress Relief,"Passionflower benefits the mind and body as it soothes the nerves, promotes relaxation and rest, and helps ease occasional worry.*",https://www.traditionalmedicinals.com/cdn/shop/articles/HerbalLibrary_Hero_PassionFlower_1400x1400_0703ec02-31a3-4688-97ac-da544e4e62f1_920x1120_crop_center.jpg?v=1784235127
cold-care-p-m-tea,Cold Care P.M.® Tea,4,Licorice,Glycyrrhiza glabra,Licorice,Fabaceae,"Root, Rhizome",Demulcent,Digestive; Respiratory; Throat Health,"More than a sweet treat, licorice root is traditionally used in herbal medicine for soothing digestion and supporting respiratory health.*",https://www.traditionalmedicinals.com/cdn/shop/articles/HerbalLibrary_Hero_Licoriceroot_1400x1400_ff361d1b-d253-4576-81ae-f771016bbab5_920x1120_crop_center.jpg?v=1784234088
licorice-root-tea,Licorice Root Tea,1,Licorice,Glycyrrhiza glabra,Licorice,Fabaceae,"Root, Rhizome",Demulcent,Digestive; Respiratory; Throat Health,"More than a sweet treat, licorice root is traditionally used in herbal medicine for soothing digestion and supporting respiratory health.*",https://www.traditionalmedicinals.com/cdn/shop/articles/HerbalLibrary_Hero_Licoriceroot_1400x1400_ff361d1b-d253-4576-81ae-f771016bbab5_920x1120_crop_center.jpg?v=1784234088
immune-zoom-elderberry-echinacea-tea,Immune Zoom® Elderberry Echinacea Tea,1,Elder,Sambucus nigra,European Elder,Viburnaceae,"Flower, Fruit","Diaphoretic, Immune Tonic",Immunity; Seasonal Care,Elder notably appears in seasonal formulas supporting immune health.*,https://www.traditionalmedicinals.com/cdn/shop/articles/HerbalLibrary_Hero_Elder_1400x1400_c346e607-e312-409f-891b-bbb7dd3a3f43_920x1120_crop_center.jpg?v=1784234653
immune-zoom-elderberry-echinacea-tea,Immune Zoom® Elderberry Echinacea Tea,2,Echinacea,"Echinacea purpurea, E. angustifolia",Echinacea,Asteraceae,"Leaf, Flower, Root","Immune stimulant, Alterative",Immunity; Seasonal Care,"Utilized by Native American peoples as an all-purpose herb for generations, echinacea is added for its contribution to immune support.*",https://www.traditionalmedicinals.com/cdn/shop/articles/HerbalLibrary_Hero_Echinacea_1400x1400_30baf8a7-9460-453e-ab46-4a3e32a52e99_920x1120_crop_center.jpg?v=1784235178
immune-zoom-elderberry-echinacea-tea,Immune Zoom® Elderberry Echinacea Tea,3,Hibiscus,Hibiscus sabdariffa,Hibiscus,Malvaceae,Calyces,"Demulcent, Emollient, Aromatic, Cooling, Cardio Tonic, Diuretic",Heart Health; Water Retention,Folks appreciate hibiscus as a refreshing way to enjoy cardiovascular and diuretic support.*,https://www.traditionalmedicinals.com/cdn/shop/articles/HerbalLibrary_Hero_Hibiscus_1400x1400_db773bf4-dcd9-420c-86a6-9db77116b5dd_920x1120_crop_center.jpg?v=1784235144
immune-zoom-elderberry-echinacea-tea,Immune Zoom® Elderberry Echinacea Tea,4,Licorice,Glycyrrhiza glabra,Licorice,Fabaceae,"Root, Rhizome",Demulcent,Digestive; Respiratory; Throat Health,"More than a sweet treat, licorice root is traditionally used in herbal medicine for soothing digestion and supporting respiratory health.*",https://www.traditionalmedicinals.com/cdn/shop/articles/HerbalLibrary_Hero_Licoriceroot_1400x1400_ff361d1b-d253-4576-81ae-f771016bbab5_920x1120_crop_center.jpg?v=1784234088
green-tea-ginger,Green Tea Ginger,1,Tea Plant,Camellia sinensis,Green Tea,Theaceae,Leaf,"Stimulant, Astringent, Diuretic",Energy; Mental Focus,"What do green, white, and black tea have in common? They come from the same plant—Camellia sinensis.*",https://www.traditionalmedicinals.com/cdn/shop/articles/HerbalLibrary_Hero_GreenTea_1400x1400_091f001b-0dd8-4865-b091-9a5e2c43b81d_920x1120_crop_center.jpg?v=1784235050
green-tea-ginger,Green Tea Ginger,2,Ginger,Zingiber officinale,Ginger,Zingiberaceae,Rhizome,"Stimulant, Carminative, Antispasmodic, Diaphoretic",Digestion; Nausea; Pre & Postnatal; Seasonal Care,"Herbal practitioners have used ginger’s rhizome to help with digestion, upset stomach, and nausea for more than 2,000 years.*",https://www.traditionalmedicinals.com/cdn/shop/articles/HerbalLibrary_Hero_Ginger_1400x1400_84688272-0ae4-46d1-b9e9-50021bc3bd16_920x1120_crop_center.jpg?v=1784233076
green-tea-matcha,Green Tea Matcha,1,Tea Plant,Camellia sinensis,Green Tea,Theaceae,Leaf,"Stimulant, Astringent, Diuretic",Energy; Mental Focus,"What do green, white, and black tea have in common? They come from the same plant—Camellia sinensis.*",https://www.traditionalmedicinals.com/cdn/shop/articles/HerbalLibrary_Hero_GreenTea_1400x1400_091f001b-0dd8-4865-b091-9a5e2c43b81d_920x1120_crop_center.jpg?v=1784235050
triple-mint-tea,Triple Mint Daily Probiotic Tea,1,Lemon Balm,Melissa officinalis,Lemon Balm,Lamiaceae,Leaf,"Carminative, Nervine, Antispasmodic, Diaphoretic, Hepatic",Relaxation; Digestion; Good Mood,Lemon balm supports digestion and helps calm frazzled nerves.*,https://www.traditionalmedicinals.com/cdn/shop/articles/HerbalLibrary_Hero_LemonBalm_1400x1400_6f494e57-5d64-4da6-a39d-9b54cc00621b_920x1120_crop_center.jpg?v=1784234964
triple-mint-tea,Triple Mint Daily Probiotic Tea,2,Peppermint,Mentha x piperita,Peppermint,Lamiaceae,Leaf,"Carminative, Nervine, Antispasmodic",Digestion,"As one of the most commonly known herbs, peppermint is like a breath of fresh air with its refreshing aroma and soothing health benefit in aiding digestion.*",https://www.traditionalmedicinals.com/cdn/shop/articles/HerbalLibrary_Hero_Peppermint_1400x1400_17e2adf7-75e0-40a5-b913-7bd53c5ebc3e_920x1120_crop_center.jpg?v=1784235234
triple-mint-tea,Triple Mint Daily Probiotic Tea,3,Spearmint,Mentha spicata,Garden Mint,Lamiaceae,Leaf,,,"“Spearmint vs peppermint?” While peppermint has a sharp bite, we use spearmint to pep up a blend’s taste and benefits—perfectly sweet without an overpoweringly minty flavor.",https://www.traditionalmedicinals.com/cdn/shop/articles/HerbalLibrary_Hero_Spearmint_1400x1400_84f015cc-276e-4fd5-b050-d9d363e102ea_920x1120_crop_center.jpg?v=1779303990
throat-coat-lemon-echinacea-tea,Throat Coat® Lemon Echinacea Tea,1,Echinacea,"Echinacea purpurea, E. angustifolia",Echinacea,Asteraceae,"Leaf, Flower, Root","Immune stimulant, Alterative",Immunity; Seasonal Care,"Utilized by Native American peoples as an all-purpose herb for generations, echinacea is added for its contribution to immune support.*",https://www.traditionalmedicinals.com/cdn/shop/articles/HerbalLibrary_Hero_Echinacea_1400x1400_30baf8a7-9460-453e-ab46-4a3e32a52e99_920x1120_crop_center.jpg?v=1784235178
throat-coat-lemon-echinacea-tea,Throat Coat® Lemon Echinacea Tea,2,Licorice,Glycyrrhiza glabra,Licorice,Fabaceae,"Root, Rhizome",Demulcent,Digestive; Respiratory; Throat Health,"More than a sweet treat, licorice root is traditionally used in herbal medicine for soothing digestion and supporting respiratory health.*",https://www.traditionalmedicinals.com/cdn/shop/articles/HerbalLibrary_Hero_Licoriceroot_1400x1400_ff361d1b-d253-4576-81ae-f771016bbab5_920x1120_crop_center.jpg?v=1784234088
throat-coat-lemon-echinacea-tea,Throat Coat® Lemon Echinacea Tea,3,Lemon Balm,Melissa officinalis,Lemon Balm,Lamiaceae,Leaf,"Carminative, Nervine, Antispasmodic, Diaphoretic, Hepatic",Relaxation; Digestion; Good Mood,Lemon balm supports digestion and helps calm frazzled nerves.*,https://www.traditionalmedicinals.com/cdn/shop/articles/HerbalLibrary_Hero_LemonBalm_1400x1400_6f494e57-5d64-4da6-a39d-9b54cc00621b_920x1120_crop_center.jpg?v=1784234964
throat-coat-lemon-echinacea-tea,Throat Coat® Lemon Echinacea Tea,4,Lemon myrtle,Backhousia citriodora,Lemon scented myrtle,Myrtaceae,Leaf,none (flavor corrigent),,The fragrant citrus-like qualities of lemon myrtle make it a valuable flavor ingredient in teas and foods.*,https://www.traditionalmedicinals.com/cdn/shop/articles/HerbLibrary_Hero_LemonMyrtle_f31adfc8-adf8-42d1-a368-d012be9d2798_920x1120_crop_center.jpg?v=1784234864
gas-relief-tea,Gas Relief™ Tea,1,Chamomile,Matricaria chamomilla,Chamomile,Asteraceae,Flower,"Antispasmodic, Bitter, Carminative, Nervine",Relaxation; Stress Relief; Sleep; Digestion,"Utilized in many households to comfort bellies and induce relaxation, a simple cup of chamomile tea may be one of the most common staples of herbalism.*",https://www.traditionalmedicinals.com/cdn/shop/articles/HerbalLibrary_Hero_chamomile_1400x1400_499bea1f-023a-41be-891a-aee3a072565f_920x1120_crop_center.jpg?v=1779213168
gas-relief-tea,Gas Relief™ Tea,2,Lemon Balm,Melissa officinalis,Lemon Balm,Lamiaceae,Leaf,"Carminative, Nervine, Antispasmodic, Diaphoretic, Hepatic",Relaxation; Digestion; Good Mood,Lemon balm supports digestion and helps calm frazzled nerves.*,https://www.traditionalmedicinals.com/cdn/shop/articles/HerbalLibrary_Hero_LemonBalm_1400x1400_6f494e57-5d64-4da6-a39d-9b54cc00621b_920x1120_crop_center.jpg?v=1784234964
gas-relief-tea,Gas Relief™ Tea,3,Peppermint,Mentha x piperita,Peppermint,Lamiaceae,Leaf,"Carminative, Nervine, Antispasmodic",Digestion,"As one of the most commonly known herbs, peppermint is like a breath of fresh air with its refreshing aroma and soothing health benefit in aiding digestion.*",https://www.traditionalmedicinals.com/cdn/shop/articles/HerbalLibrary_Hero_Peppermint_1400x1400_17e2adf7-75e0-40a5-b913-7bd53c5ebc3e_920x1120_crop_center.jpg?v=1784235234
lemon-ginger-tea,Lemon Ginger Tea,1,Ginger,Zingiber officinale,Ginger,Zingiberaceae,Rhizome,"Stimulant, Carminative, Antispasmodic, Diaphoretic",Digestion; Nausea; Pre & Postnatal; Seasonal Care,"Herbal practitioners have used ginger’s rhizome to help with digestion, upset stomach, and nausea for more than 2,000 years.*",https://www.traditionalmedicinals.com/cdn/shop/articles/HerbalLibrary_Hero_Ginger_1400x1400_84688272-0ae4-46d1-b9e9-50021bc3bd16_920x1120_crop_center.jpg?v=1784233076
lemon-ginger-tea,Lemon Ginger Tea,2,Hibiscus,Hibiscus sabdariffa,Hibiscus,Malvaceae,Calyces,"Demulcent, Emollient, Aromatic, Cooling, Cardio Tonic, Diuretic",Heart Health; Water Retention,Folks appreciate hibiscus as a refreshing way to enjoy cardiovascular and diuretic support.*,https://www.traditionalmedicinals.com/cdn/shop/articles/HerbalLibrary_Hero_Hibiscus_1400x1400_db773bf4-dcd9-420c-86a6-9db77116b5dd_920x1120_crop_center.jpg?v=1784235144
lemon-ginger-tea,Lemon Ginger Tea,3,Lemongrass,Cymbopogon citratus,Barbed wire grass,Poaceae,"Leaf, whole young shoots","Antispasmodic, diaphoretic, nervine",Stress Relief; Digestion,"Lemongrass is a hardy grass that’s adored for its citrusy scent, lemony taste, and golden hue when steeped as a tea.*",https://www.traditionalmedicinals.com/cdn/shop/articles/HerbalLibrary_Hero_lemongrass_1400x1400_0e59ce5e-9faf-4de2-8db7-702a651cb4f1_920x1120_crop_center.jpg?v=1784234571
green-tea-lemongrass,Green Tea Lemongrass,1,Tea Plant,Camellia sinensis,Green Tea,Theaceae,Leaf,"Stimulant, Astringent, Diuretic",Energy; Mental Focus,"What do green, white, and black tea have in common? They come from the same plant—Camellia sinensis.*",https://www.traditionalmedicinals.com/cdn/shop/articles/HerbalLibrary_Hero_GreenTea_1400x1400_091f001b-0dd8-4865-b091-9a5e2c43b81d_920x1120_crop_center.jpg?v=1784235050
green-tea-lemongrass,Green Tea Lemongrass,2,Lemongrass,Cymbopogon citratus,Barbed wire grass,Poaceae,"Leaf, whole young shoots","Antispasmodic, diaphoretic, nervine",Stress Relief; Digestion,"Lemongrass is a hardy grass that’s adored for its citrusy scent, lemony taste, and golden hue when steeped as a tea.*",https://www.traditionalmedicinals.com/cdn/shop/articles/HerbalLibrary_Hero_lemongrass_1400x1400_0e59ce5e-9faf-4de2-8db7-702a651cb4f1_920x1120_crop_center.jpg?v=1784234571
stress-ease-focus-tea,Stress Ease® Focus Tea,1,Ginseng,Panax ginseng,Asian ginseng,Araliaceae,Root,"Adaptogen, aphrodisiac, immune tonic, stimulant, nootropic",Energy; Mental Focus,"Cherished for centuries in traditional Eastern medicine, ginseng is a powerful herbal ally for boosting vitality, sharpening cognitive function, increasing physical stamina, and more.*",https://www.traditionalmedicinals.com/cdn/shop/articles/HerbalLibrary_Hero_Ginseng_1400x1400_34906d50-6909-47c6-bd6b-d59da83faab5_920x1120_crop_center.jpg?v=1784235648
stress-ease-focus-tea,Stress Ease® Focus Tea,2,Wild Apple,"Malus orientalis, Malus sylvestris, Malus spp.",Crab apple,Rosaceae,Fruit,,; ,Wild apples are known for their tart flavor and traditionally valued as an important wild food.*,https://www.traditionalmedicinals.com/cdn/shop/articles/HerbalLibrary_Hero_WildApple_1400x1400_e06e8b36-03fb-48a3-b3d1-1ee7286ce01d_920x1120_crop_center.jpg?v=1784235659
stress-ease-focus-tea,Stress Ease® Focus Tea,3,Spearmint,Mentha spicata,Garden Mint,Lamiaceae,Leaf,,,"“Spearmint vs peppermint?” While peppermint has a sharp bite, we use spearmint to pep up a blend’s taste and benefits—perfectly sweet without an overpoweringly minty flavor.",https://www.traditionalmedicinals.com/cdn/shop/articles/HerbalLibrary_Hero_Spearmint_1400x1400_84f015cc-276e-4fd5-b050-d9d363e102ea_920x1120_crop_center.jpg?v=1779303990
stress-ease-focus-tea,Stress Ease® Focus Tea,4,Eleuthero,Eleutherococcus senticosus,Eleuthero,Araliaceae,Root,"Adaptogen, Immune Tonic",Energy; Stress; Mental Focus,"Renowned in traditional medicine and modern-day science, eleuthero stands the test of time as a potent adaptogen for endurance and vitality.*",https://www.traditionalmedicinals.com/cdn/shop/articles/HerbalLibrary_Hero_Eleuthero_1400x1400_6de8589e-f604-449d-942c-5a09622585e1_920x1120_crop_center.jpg?v=1784235636
stress-ease-focus-tea,Stress Ease® Focus Tea,5,Rose Hips,"Rosa canina, R. pendulina, and other Rosa spp.",Rose Hips,Rosaceae,Fruit,"Nutritive Tonic, Astringent",,"Used as a food and herb with beneficial properties throughout the world, sweet and tangy rose hip is a lovely botanical for daily wellness.",https://www.traditionalmedicinals.com/cdn/shop/articles/HerbalLibrary_Hero_Rose_Hips_1400x1400_81d4a5a6-5257-4732-b4e4-87735f9ebf1c_920x1120_crop_center.jpg?v=1784233246
stress-ease-focus-tea,Stress Ease® Focus Tea,6,Hibiscus,Hibiscus sabdariffa,Hibiscus,Malvaceae,Calyces,"Demulcent, Emollient, Aromatic, Cooling, Cardio Tonic, Diuretic",Heart Health; Water Retention,Folks appreciate hibiscus as a refreshing way to enjoy cardiovascular and diuretic support.*,https://www.traditionalmedicinals.com/cdn/shop/articles/HerbalLibrary_Hero_Hibiscus_1400x1400_db773bf4-dcd9-420c-86a6-9db77116b5dd_920x1120_crop_center.jpg?v=1784235144
green-tea-peppermint,Green Tea Peppermint,1,Peppermint,Mentha x piperita,Peppermint,Lamiaceae,Leaf,"Carminative, Nervine, Antispasmodic",Digestion,"As one of the most commonly known herbs, peppermint is like a breath of fresh air with its refreshing aroma and soothing health benefit in aiding digestion.*",https://www.traditionalmedicinals.com/cdn/shop/articles/HerbalLibrary_Hero_Peppermint_1400x1400_17e2adf7-75e0-40a5-b913-7bd53c5ebc3e_920x1120_crop_center.jpg?v=1784235234
green-tea-peppermint,Green Tea Peppermint,2,Tea Plant,Camellia sinensis,Green Tea,Theaceae,Leaf,"Stimulant, Astringent, Diuretic",Energy; Mental Focus,"What do green, white, and black tea have in common? They come from the same plant—Camellia sinensis.*",https://www.traditionalmedicinals.com/cdn/shop/articles/HerbalLibrary_Hero_GreenTea_1400x1400_091f001b-0dd8-4865-b091-9a5e2c43b81d_920x1120_crop_center.jpg?v=1784235050
ginger-with-chamomile-tea,Ginger & Chamomile Tea,1,Ginger,Zingiber officinale,Ginger,Zingiberaceae,Rhizome,"Stimulant, Carminative, Antispasmodic, Diaphoretic",Digestion; Nausea; Pre & Postnatal; Seasonal Care,"Herbal practitioners have used ginger’s rhizome to help with digestion, upset stomach, and nausea for more than 2,000 years.*",https://www.traditionalmedicinals.com/cdn/shop/articles/HerbalLibrary_Hero_Ginger_1400x1400_84688272-0ae4-46d1-b9e9-50021bc3bd16_920x1120_crop_center.jpg?v=1784233076
ginger-with-chamomile-tea,Ginger & Chamomile Tea,2,Chamomile,Matricaria chamomilla,Chamomile,Asteraceae,Flower,"Antispasmodic, Bitter, Carminative, Nervine",Relaxation; Stress Relief; Sleep; Digestion,"Utilized in many households to comfort bellies and induce relaxation, a simple cup of chamomile tea may be one of the most common staples of herbalism.*",https://www.traditionalmedicinals.com/cdn/shop/articles/HerbalLibrary_Hero_chamomile_1400x1400_499bea1f-023a-41be-891a-aee3a072565f_920x1120_crop_center.jpg?v=1779213168
ginger-aid-tea,Ginger Aid® Tea,1,Ginger,Zingiber officinale,Ginger,Zingiberaceae,Rhizome,"Stimulant, Carminative, Antispasmodic, Diaphoretic",Digestion; Nausea; Pre & Postnatal; Seasonal Care,"Herbal practitioners have used ginger’s rhizome to help with digestion, upset stomach, and nausea for more than 2,000 years.*",https://www.traditionalmedicinals.com/cdn/shop/articles/HerbalLibrary_Hero_Ginger_1400x1400_84688272-0ae4-46d1-b9e9-50021bc3bd16_920x1120_crop_center.jpg?v=1784233076
ginger-aid-tea,Ginger Aid® Tea,2,Lemon myrtle,Backhousia citriodora,Lemon scented myrtle,Myrtaceae,Leaf,none (flavor corrigent),,The fragrant citrus-like qualities of lemon myrtle make it a valuable flavor ingredient in teas and foods.*,https://www.traditionalmedicinals.com/cdn/shop/articles/HerbLibrary_Hero_LemonMyrtle_f31adfc8-adf8-42d1-a368-d012be9d2798_920x1120_crop_center.jpg?v=1784234864
echinacea-plus-tea,Echinacea Plus® Tea,1,Echinacea,"Echinacea purpurea, E. angustifolia",Echinacea,Asteraceae,"Leaf, Flower, Root","Immune stimulant, Alterative",Immunity; Seasonal Care,"Utilized by Native American peoples as an all-purpose herb for generations, echinacea is added for its contribution to immune support.*",https://www.traditionalmedicinals.com/cdn/shop/articles/HerbalLibrary_Hero_Echinacea_1400x1400_30baf8a7-9460-453e-ab46-4a3e32a52e99_920x1120_crop_center.jpg?v=1784235178
echinacea-plus-tea,Echinacea Plus® Tea,2,Lemongrass,Cymbopogon citratus,Barbed wire grass,Poaceae,"Leaf, whole young shoots","Antispasmodic, diaphoretic, nervine",Stress Relief; Digestion,"Lemongrass is a hardy grass that’s adored for its citrusy scent, lemony taste, and golden hue when steeped as a tea.*",https://www.traditionalmedicinals.com/cdn/shop/articles/HerbalLibrary_Hero_lemongrass_1400x1400_0e59ce5e-9faf-4de2-8db7-702a651cb4f1_920x1120_crop_center.jpg?v=1784234571
echinacea-plus-tea,Echinacea Plus® Tea,3,Spearmint,Mentha spicata,Garden Mint,Lamiaceae,Leaf,,,"“Spearmint vs peppermint?” While peppermint has a sharp bite, we use spearmint to pep up a blend’s taste and benefits—perfectly sweet without an overpoweringly minty flavor.",https://www.traditionalmedicinals.com/cdn/shop/articles/HerbalLibrary_Hero_Spearmint_1400x1400_84f015cc-276e-4fd5-b050-d9d363e102ea_920x1120_crop_center.jpg?v=1779303990
smooth-move-peppermint-tea,Smooth Move® Peppermint Tea,1,Senna,Senna alexandrina,Senna,Fabaceae,"Leaf, Pod",Stimulant laxative,Laxative; Digestion,Need to get things moving? Senna is used for just that. This herbal laxative is an herbaceous way to relieve occasional constipation.*,https://www.traditionalmedicinals.com/cdn/shop/articles/HerbalLibrary_Hero_Senna_1400x1400_77c545a0-1a18-4385-955f-2d8658cfc75c_920x1120_crop_center.jpg?v=1784235249
smooth-move-peppermint-tea,Smooth Move® Peppermint Tea,2,Peppermint,Mentha x piperita,Peppermint,Lamiaceae,Leaf,"Carminative, Nervine, Antispasmodic",Digestion,"As one of the most commonly known herbs, peppermint is like a breath of fresh air with its refreshing aroma and soothing health benefit in aiding digestion.*",https://www.traditionalmedicinals.com/cdn/shop/articles/HerbalLibrary_Hero_Peppermint_1400x1400_17e2adf7-75e0-40a5-b913-7bd53c5ebc3e_920x1120_crop_center.jpg?v=1784235234
smooth-move-peppermint-tea,Smooth Move® Peppermint Tea,3,Licorice,Glycyrrhiza glabra,Licorice,Fabaceae,"Root, Rhizome",Demulcent,Digestive; Respiratory; Throat Health,"More than a sweet treat, licorice root is traditionally used in herbal medicine for soothing digestion and supporting respiratory health.*",https://www.traditionalmedicinals.com/cdn/shop/articles/HerbalLibrary_Hero_Licoriceroot_1400x1400_ff361d1b-d253-4576-81ae-f771016bbab5_920x1120_crop_center.jpg?v=1784234088
smooth-move-peppermint-tea,Smooth Move® Peppermint Tea,4,Fennel,Foeniculum vulgare,Bitter Fennel,Apiaceae,"Bulb, Fruit (seed), Leaf","Carminative, Galactagogue",Digestion; Pre & Postnatal,"A versatile herb from the kitchen to the apothecary, fennel is traditionally used in herbalism to relieve occasional gas and bloating and support breastmilk production in nursing moms.*",https://www.traditionalmedicinals.com/cdn/shop/articles/HerbalLibrary_Hero_Fennel_1400x1400_3640bfad-6a05-44b4-8076-5b1abab22c4c_920x1120_crop_center.jpg?v=1784235567
throat-coat-eucalyptus-tea,Throat Coat® Eucalyptus Tea,1,Eucalyptus,Eucalyptus globulus,Southern Blue Gum,Myrtaceae,Leaf,"Antispasmodic, Decongestant",Immunity; Respiratory; Seasonal Care; ,Eucalyptus leaves have been used to breathe in benefits supporting the respiratory tract for generations*,https://www.traditionalmedicinals.com/cdn/shop/articles/HerbalLibrary_Hero_Eucalyptus_1400x1400_496a1aed-e0fd-47f4-874e-3a9cc6b6dae4_920x1120_crop_center.jpg?v=1784232423
throat-coat-eucalyptus-tea,Throat Coat® Eucalyptus Tea,2,Licorice,Glycyrrhiza glabra,Licorice,Fabaceae,"Root, Rhizome",Demulcent,Digestive; Respiratory; Throat Health,"More than a sweet treat, licorice root is traditionally used in herbal medicine for soothing digestion and supporting respiratory health.*",https://www.traditionalmedicinals.com/cdn/shop/articles/HerbalLibrary_Hero_Licoriceroot_1400x1400_ff361d1b-d253-4576-81ae-f771016bbab5_920x1120_crop_center.jpg?v=1784234088
throat-coat-eucalyptus-tea,Throat Coat® Eucalyptus Tea,3,Spearmint,Mentha spicata,Garden Mint,Lamiaceae,Leaf,,,"“Spearmint vs peppermint?” While peppermint has a sharp bite, we use spearmint to pep up a blend’s taste and benefits—perfectly sweet without an overpoweringly minty flavor.",https://www.traditionalmedicinals.com/cdn/shop/articles/HerbalLibrary_Hero_Spearmint_1400x1400_84f015cc-276e-4fd5-b050-d9d363e102ea_920x1120_crop_center.jpg?v=1779303990
immune-zoom-lemon-ginger-tea,Immune Zoom® Lemon Ginger Echinacea Tea,1,Echinacea,"Echinacea purpurea, E. angustifolia",Echinacea,Asteraceae,"Leaf, Flower, Root","Immune stimulant, Alterative",Immunity; Seasonal Care,"Utilized by Native American peoples as an all-purpose herb for generations, echinacea is added for its contribution to immune support.*",https://www.traditionalmedicinals.com/cdn/shop/articles/HerbalLibrary_Hero_Echinacea_1400x1400_30baf8a7-9460-453e-ab46-4a3e32a52e99_920x1120_crop_center.jpg?v=1784235178
immune-zoom-lemon-ginger-tea,Immune Zoom® Lemon Ginger Echinacea Tea,2,Ginger,Zingiber officinale,Ginger,Zingiberaceae,Rhizome,"Stimulant, Carminative, Antispasmodic, Diaphoretic",Digestion; Nausea; Pre & Postnatal; Seasonal Care,"Herbal practitioners have used ginger’s rhizome to help with digestion, upset stomach, and nausea for more than 2,000 years.*",https://www.traditionalmedicinals.com/cdn/shop/articles/HerbalLibrary_Hero_Ginger_1400x1400_84688272-0ae4-46d1-b9e9-50021bc3bd16_920x1120_crop_center.jpg?v=1784233076
immune-zoom-lemon-ginger-tea,Immune Zoom® Lemon Ginger Echinacea Tea,3,Lemon Balm,Melissa officinalis,Lemon Balm,Lamiaceae,Leaf,"Carminative, Nervine, Antispasmodic, Diaphoretic, Hepatic",Relaxation; Digestion; Good Mood,Lemon balm supports digestion and helps calm frazzled nerves.*,https://www.traditionalmedicinals.com/cdn/shop/articles/HerbalLibrary_Hero_LemonBalm_1400x1400_6f494e57-5d64-4da6-a39d-9b54cc00621b_920x1120_crop_center.jpg?v=1784234964
immune-zoom-lemon-ginger-tea,Immune Zoom® Lemon Ginger Echinacea Tea,4,Licorice,Glycyrrhiza glabra,Licorice,Fabaceae,"Root, Rhizome",Demulcent,Digestive; Respiratory; Throat Health,"More than a sweet treat, licorice root is traditionally used in herbal medicine for soothing digestion and supporting respiratory health.*",https://www.traditionalmedicinals.com/cdn/shop/articles/HerbalLibrary_Hero_Licoriceroot_1400x1400_ff361d1b-d253-4576-81ae-f771016bbab5_920x1120_crop_center.jpg?v=1784234088
stress-ease-tension-relief-tea,Stress Ease® Tension Relief Tea,1,Skullcap,Scutellaria lateriflora,Helmet Flower,Lamiaceae,"Leaf, Stem, Flower","Nervine, Trophorestorative, Relaxant",Relaxation; Sleep; Stress Relief,"In an era of increased tension and stress, skullcap’s nerve-calming powers could not be timelier.*",https://www.traditionalmedicinals.com/cdn/shop/articles/HerbalLibrary_Hero_Skullcap_1400x1400_f8ae4fa1-8b62-40b0-8d71-dd482a82a45f_920x1120_crop_center.jpg?v=1784235265
stress-ease-tension-relief-tea,Stress Ease® Tension Relief Tea,2,Spearmint,Mentha spicata,Garden Mint,Lamiaceae,Leaf,,,"“Spearmint vs peppermint?” While peppermint has a sharp bite, we use spearmint to pep up a blend’s taste and benefits—perfectly sweet without an overpoweringly minty flavor.",https://www.traditionalmedicinals.com/cdn/shop/articles/HerbalLibrary_Hero_Spearmint_1400x1400_84f015cc-276e-4fd5-b050-d9d363e102ea_920x1120_crop_center.jpg?v=1779303990
stress-ease-immune-tea,Stress Ease® Immune Tea,1,Astragalus,Astragalus mongholicus,Huang qi,Fabaceae,Root,"Adaptogen, Cardio tonic, Immune tonic",Immunity; Seasonal Care,"Astragalus root is a popular adaptogen used in Traditional Chinese Medicine (TCM) and beyond to boost immune function, support heart health, ease respiratory discomfort, and help the body adapt to stressors.*",https://www.traditionalmedicinals.com/cdn/shop/articles/HerbalLibrary_Hero_Astragalus_1400x1400_37f69ad8-fa7a-493d-a9c0-25a3f30b3034_920x1120_crop_center.jpg?v=1784238818
stress-ease-immune-tea,Stress Ease® Immune Tea,2,Reishi,Ganoderma lucidum,Reishi,Ganodermataceae,Fruiting Body,"Adaptogen, Alterative, Immune Tonic",Immunity; Seasonal Care; Stress Relief,Recognized for its ability to support a healthy immune system and help the body adapt to stress.*,https://www.traditionalmedicinals.com/cdn/shop/articles/HerbalLibrary_Hero_Reishi_1400x1400_6a29ba00-1c7f-47ad-b27f-4a93ea120359_920x1120_crop_center.jpg?v=1784235093
stress-ease-immune-tea,Stress Ease® Immune Tea,3,Eleuthero,Eleutherococcus senticosus,Eleuthero,Araliaceae,Root,"Adaptogen, Immune Tonic",Energy; Stress; Mental Focus,"Renowned in traditional medicine and modern-day science, eleuthero stands the test of time as a potent adaptogen for endurance and vitality.*",https://www.traditionalmedicinals.com/cdn/shop/articles/HerbalLibrary_Hero_Eleuthero_1400x1400_6de8589e-f604-449d-942c-5a09622585e1_920x1120_crop_center.jpg?v=1784235636
stress-ease-immune-tea,Stress Ease® Immune Tea,4,Hawthorn,Crataegus spp.,Haw,Rosaceae,"Flower, Fruit","Cardiotonic, diuretic, astringent",Heart Health,"Hawthorn’s leaves, flowers and crimson berries have been used for centuries to support the cardiovascular system and are one of the most popular herbs for heart health across Europe.*",https://www.traditionalmedicinals.com/cdn/shopifycloud/storefront/assets/no-image-2048-a2addb12_920x1120_crop_center.gif
smooth-move-chamomile-tea,Smooth Move® Chamomile Tea,1,Senna,Senna alexandrina,Senna,Fabaceae,"Leaf, Pod",Stimulant laxative,Laxative; Digestion,Need to get things moving? Senna is used for just that. This herbal laxative is an herbaceous way to relieve occasional constipation.*,https://www.traditionalmedicinals.com/cdn/shop/articles/HerbalLibrary_Hero_Senna_1400x1400_77c545a0-1a18-4385-955f-2d8658cfc75c_920x1120_crop_center.jpg?v=1784235249
smooth-move-chamomile-tea,Smooth Move® Chamomile Tea,2,Chamomile,Matricaria chamomilla,Chamomile,Asteraceae,Flower,"Antispasmodic, Bitter, Carminative, Nervine",Relaxation; Stress Relief; Sleep; Digestion,"Utilized in many households to comfort bellies and induce relaxation, a simple cup of chamomile tea may be one of the most common staples of herbalism.*",https://www.traditionalmedicinals.com/cdn/shop/articles/HerbalLibrary_Hero_chamomile_1400x1400_499bea1f-023a-41be-891a-aee3a072565f_920x1120_crop_center.jpg?v=1779213168
smooth-move-chamomile-tea,Smooth Move® Chamomile Tea,3,Peppermint,Mentha x piperita,Peppermint,Lamiaceae,Leaf,"Carminative, Nervine, Antispasmodic",Digestion,"As one of the most commonly known herbs, peppermint is like a breath of fresh air with its refreshing aroma and soothing health benefit in aiding digestion.*",https://www.traditionalmedicinals.com/cdn/shop/articles/HerbalLibrary_Hero_Peppermint_1400x1400_17e2adf7-75e0-40a5-b913-7bd53c5ebc3e_920x1120_crop_center.jpg?v=1784235234
smooth-move-chamomile-tea,Smooth Move® Chamomile Tea,4,Fennel,Foeniculum vulgare,Bitter Fennel,Apiaceae,"Bulb, Fruit (seed), Leaf","Carminative, Galactagogue",Digestion; Pre & Postnatal,"A versatile herb from the kitchen to the apothecary, fennel is traditionally used in herbalism to relieve occasional gas and bloating and support breastmilk production in nursing moms.*",https://www.traditionalmedicinals.com/cdn/shop/articles/HerbalLibrary_Hero_Fennel_1400x1400_3640bfad-6a05-44b4-8076-5b1abab22c4c_920x1120_crop_center.jpg?v=1784235567
mothers-milk-tea,Mother's Milk® Tea,1,Spearmint,Mentha spicata,Garden Mint,Lamiaceae,Leaf,,,"“Spearmint vs peppermint?” While peppermint has a sharp bite, we use spearmint to pep up a blend’s taste and benefits—perfectly sweet without an overpoweringly minty flavor.",https://www.traditionalmedicinals.com/cdn/shop/articles/HerbalLibrary_Hero_Spearmint_1400x1400_84f015cc-276e-4fd5-b050-d9d363e102ea_920x1120_crop_center.jpg?v=1779303990
mothers-milk-tea,Mother's Milk® Tea,2,Fennel,Foeniculum vulgare,Bitter Fennel,Apiaceae,"Bulb, Fruit (seed), Leaf","Carminative, Galactagogue",Digestion; Pre & Postnatal,"A versatile herb from the kitchen to the apothecary, fennel is traditionally used in herbalism to relieve occasional gas and bloating and support breastmilk production in nursing moms.*",https://www.traditionalmedicinals.com/cdn/shop/articles/HerbalLibrary_Hero_Fennel_1400x1400_3640bfad-6a05-44b4-8076-5b1abab22c4c_920x1120_crop_center.jpg?v=1784235567
mothers-milk-tea,Mother's Milk® Tea,3,Fenugreek,Trigonella foenum-graecum,Common Fenugreek,Fabaceae,"Leaf, Seed","Galactagogue, Demulcent, Carminative, Diuretic, Laxative",Lactation,"Fenugreek has been used for its ability to promote healthy digestion, milk production, and overall wellness.*",https://www.traditionalmedicinals.com/cdn/shop/articles/HerbalLibrary_Hero_Fenugreek_1400x1400_39055db1-8e6b-4497-a376-ecf2faa1dedf_920x1120_crop_center.jpg?v=1784234724
mothers-milk-tea,Mother's Milk® Tea,4,Lemongrass,Cymbopogon citratus,Barbed wire grass,Poaceae,"Leaf, whole young shoots","Antispasmodic, diaphoretic, nervine",Stress Relief; Digestion,"Lemongrass is a hardy grass that’s adored for its citrusy scent, lemony taste, and golden hue when steeped as a tea.*",https://www.traditionalmedicinals.com/cdn/shop/articles/HerbalLibrary_Hero_lemongrass_1400x1400_0e59ce5e-9faf-4de2-8db7-702a651cb4f1_920x1120_crop_center.jpg?v=1784234571
mothers-milk-tea,Mother's Milk® Tea,5,Marshmallow,Althaea officinalis,Marshmallow,Malvaceae,"Root, Leaf, Flower","Demulcent, Lung Tonic",Throat Health; Seasonal Care; Digestion; Respiratory Health,"An exciting discovery for any budding herbalist, marshmallow root tea is a wonderful demulcent for soothing dry tissues and supporting digestive wellness.*",https://www.traditionalmedicinals.com/cdn/shop/articles/HerbalLibrary_Hero_Marshmallow_1400x1400_b6eb9837-4a94-4d47-96a8-47b5e16da53a_920x1120_crop_center.jpg?v=1784235276
pregnancy-tea,Pregnancy® Tea,1,Raspberry Leaf,Rubus idaeus,Raspberry Leaf,Rosaceae,Leaf,"Astringent, Nutritive tonic, Uterine Tonic",Women's Cycle; Pre & Postnatal,European and Native American women have been reaching for raspberry leaves for centuries to relieve normal menstrual cramps and prepare the womb for childbirth during pregnancy.*,https://www.traditionalmedicinals.com/cdn/shop/articles/HerbalLibrary_Hero_RaspberryLeaf_1400x1400_7c4d3606-b99e-4984-8886-e96a545fb355_920x1120_crop_center.jpg?v=1784233103
pregnancy-tea,Pregnancy® Tea,2,Nettle,Urtica dioica,Nettle,Urticaceae,"Leaf, Root","Astringent, Diuretic, Nutritive Tonic",Detox; Joint Health; Water Retention; Women’s Cycle,"An herbalist favorite, nettle is used to support the kidneys and joints.*",https://www.traditionalmedicinals.com/cdn/shop/articles/HerbalLibrary_Hero_Nettle_1400x1400_c182b159-cbf5-4578-8969-2098ce3f8a93_920x1120_crop_center.jpg?v=1784234829
pregnancy-tea,Pregnancy® Tea,3,Spearmint,Mentha spicata,Garden Mint,Lamiaceae,Leaf,,,"“Spearmint vs peppermint?” While peppermint has a sharp bite, we use spearmint to pep up a blend’s taste and benefits—perfectly sweet without an overpoweringly minty flavor.",https://www.traditionalmedicinals.com/cdn/shop/articles/HerbalLibrary_Hero_Spearmint_1400x1400_84f015cc-276e-4fd5-b050-d9d363e102ea_920x1120_crop_center.jpg?v=1779303990
pregnancy-tea,Pregnancy® Tea,4,Fennel,Foeniculum vulgare,Bitter Fennel,Apiaceae,"Bulb, Fruit (seed), Leaf","Carminative, Galactagogue",Digestion; Pre & Postnatal,"A versatile herb from the kitchen to the apothecary, fennel is traditionally used in herbalism to relieve occasional gas and bloating and support breastmilk production in nursing moms.*",https://www.traditionalmedicinals.com/cdn/shop/articles/HerbalLibrary_Hero_Fennel_1400x1400_3640bfad-6a05-44b4-8076-5b1abab22c4c_920x1120_crop_center.jpg?v=1784235567
pregnancy-tea,Pregnancy® Tea,5,Rose Hips,"Rosa canina, R. pendulina, and other Rosa spp.",Rose Hips,Rosaceae,Fruit,"Nutritive Tonic, Astringent",,"Used as a food and herb with beneficial properties throughout the world, sweet and tangy rose hip is a lovely botanical for daily wellness.",https://www.traditionalmedicinals.com/cdn/shop/articles/HerbalLibrary_Hero_Rose_Hips_1400x1400_81d4a5a6-5257-4732-b4e4-87735f9ebf1c_920x1120_crop_center.jpg?v=1784233246
turmeric-with-meadowsweet-ginger-tea,Turmeric & Ginger with Meadowsweet Tea,1,Turmeric,Curcuma longa,Turmeric,Zingiberaceae,Rhizome,"Anti-inflammatory, Carminative, Hepatic, Cholagogue",Joint Health; Digestion,We love turmeric for everyday physical well-being and digestive support.*,https://www.traditionalmedicinals.com/cdn/shop/articles/HerbalLibrary_Hero_Turmeric_1400x1400_bd6f670c-888f-4b9a-b418-eceee87c8905_920x1120_crop_center.jpg?v=1784238241
turmeric-with-meadowsweet-ginger-tea,Turmeric & Ginger with Meadowsweet Tea,2,Meadowsweet,Filipendula ulmaria,Meadowsweet,Rosaceae,"Flower, Leaf, Stem","Diaphoretic, Diuretic, Astringent",Seasonal Care; Joint Health; Digestion,"Named for its sweetly fragranced flowers, the herb meadowsweet can support musculoskeletal ease, soothe digestion, and warm up wintertime woes.*",https://www.traditionalmedicinals.com/cdn/shop/articles/HerbalLibrary_Hero_Meadowsweet_1400x1400_1bc2b118-b302-4644-8321-6792e4e2614c_920x1120_crop_center.jpg?v=1784234764
turmeric-with-meadowsweet-ginger-tea,Turmeric & Ginger with Meadowsweet Tea,3,Ginger,Zingiber officinale,Ginger,Zingiberaceae,Rhizome,"Stimulant, Carminative, Antispasmodic, Diaphoretic",Digestion; Nausea; Pre & Postnatal; Seasonal Care,"Herbal practitioners have used ginger’s rhizome to help with digestion, upset stomach, and nausea for more than 2,000 years.*",https://www.traditionalmedicinals.com/cdn/shop/articles/HerbalLibrary_Hero_Ginger_1400x1400_84688272-0ae4-46d1-b9e9-50021bc3bd16_920x1120_crop_center.jpg?v=1784233076
